zip3_route,pickup_zip5,dropoff_zip5,pickup_airport_code,dropoff_airport_code,min_competitor_rate,competitor_carrier_name,min_warp_rate,pct_difference
015-070,01545,07008,BOS,EWR,187.81,XPO,,
070-070,07094,07094,EWR,EWR,150.15,A. Duie Pyle,147.0,-2.1
070-074,07047,07470,EWR,EWR,137.17,XPO,154.0,12.27
070-076,07047,07631,EWR,EWR,168.65,WARD Trucking,157.0,-6.91
070-077,07008,07712,EWR,EWR,166.88,XPO,145.0,-13.11
070-080,07008,08003,EWR,PHL,165.31,WARD Trucking,167.0,1.02
070-085,07036,08512,EWR,EWR,166.33,A. Duie Pyle,129.0,-22.44
070-088,07001,08817,EWR,EWR,153.08,A. Duie Pyle,115.0,-24.88
070-100,07094,10001,EWR,JFK,219.82,FedEx Priority,149.0,-32.22
070-109,07008,10923,EWR,SWF,180.83,WARD Trucking,165.0,-8.76
070-112,07072,11232,EWR,JFK,229.57,A. Duie Pyle,154.0,-32.92
070-113,07016,11378,EWR,JFK,229.57,A. Duie Pyle,136.0,-40.76
070-114,07004,11434,EWR,JFK,229.57,A. Duie Pyle,162.0,-29.43
070-115,07047,11590,EWR,JFK,213.93,Daylight Transport,182.0,-14.93
070-117,07036,11735,EWR,JFK,240.89,Old Dominion Freight Line,179.0,-25.69
070-180,07014,18062,EWR,ABE,160.94,WARD Trucking,174.0,8.12
070-190,07092,19007,EWR,PHL,155.79,WARD Trucking,137.0,-12.06
070-191,07047,19154,EWR,PHL,155.79,WARD Trucking,164.0,5.27
070-194,07036,19446,EWR,PHL,156.33,WARD Trucking,155.0,-0.85
070-197,07008,19711,EWR,PHL,173.01,WARD Trucking,204.0,17.91
070-200,07008,20007,EWR,IAD,201.85,Forward,242.8,20.29
070-201,07026,20166,EWR,IAD,200.85,FedEx Priority,256.8,27.86
070-207,07032,20748,EWR,BWI,170.22,WARD Trucking,379.0,122.65
070-208,07008,20852,EWR,BWI,170.22,WARD Trucking,373.0,119.12
070-210,07036,21075,EWR,BWI,161.8,WARD Trucking,353.0,118.17
070-212,07047,21244,EWR,BWI,161.8,WARD Trucking,365.0,125.58
070-221,07072,22191,EWR,IAD,177.8,WARD Trucking,254.8,43.31
070-275,07036,27502,EWR,RDU,194.03,WARD Trucking,226.8,16.89
070-282,07008,28273,EWR,CLT,209.43,WARD Trucking,198.8,-5.07
070-300,07026,30043,EWR,ATL,235.18,XPO,229.8,-2.29
070-302,07068,30297,EWR,ATL,243.41,FedEx Economy,209.8,-13.81
070-303,07064,30301,EWR,ATL,230.54,XPO,202.8,-12.03
070-328,07064,32801,EWR,MCO,261.27,Specialized Freight Carriers,237.2,-9.21
070-330,07032,33018,EWR,MIA,215.23,Specialized Freight Carriers,255.6,18.76
070-331,07047,33126,EWR,MIA,215.23,Specialized Freight Carriers,266.6,23.87
070-333,07064,33301,EWR,MIA,215.23,Specialized Freight Carriers,255.6,18.76
070-334,07064,33432,EWR,MIA,215.23,Specialized Freight Carriers,271.6,26.19
070-336,07064,33610,EWR,TPA,261.27,Specialized Freight Carriers,242.6,-7.14
070-430,07001,43015,EWR,CMH,170.45,WARD Trucking,233.44,36.95
070-432,07064,43230,EWR,CMH,170.45,WARD Trucking,214.44,25.81
070-462,07008,46202,EWR,IND,200.79,WARD Trucking,193.0,-3.88
070-600,07036,60007,EWR,ORD,186.78,WARD Trucking,214.2,14.68
070-601,07094,60191,EWR,ORD,186.78,WARD Trucking,217.2,16.28
070-604,07054,60406,EWR,ORD,187.46,WARD Trucking,246.2,31.33
070-605,07016,60502,EWR,ORD,187.46,WARD Trucking,231.2,23.33
070-606,07094,60601,EWR,ORD,186.78,WARD Trucking,236.2,26.46
070-750,07064,75038,EWR,DFW,237.62,XPO,236.2,-0.6
070-752,07064,75201,EWR,DFW,284.13,WARD Trucking,249.2,-12.29
070-770,07064,77002,EWR,IAH,266.06,XPO,241.2,-9.34
070-900,07026,90040,EWR,LAX,327.92,XPO,452.0,37.84
070-917,07016,91730,EWR,LAX,362.71,WARD Trucking,458.0,26.27
074-070,07430,07047,EWR,EWR,167.73,R&L Carriers,165.0,-1.63
074-331,07430,33182,EWR,MIA,215.23,Specialized Freight Carriers,283.6,31.77
076-070,07608,07047,EWR,EWR,167.75,A. Duie Pyle,153.0,-8.79
076-331,07663,33178,EWR,MIA,215.23,Specialized Freight Carriers,271.6,26.19
080-070,08016,07047,PHL,EWR,132.27,Forward,163.0,23.23
080-080,08067,08067,PHL,PHL,150.15,A. Duie Pyle,249.0,65.84
080-301,08067,30152,PHL,ATL,228.78,FedEx Economy,268.8,17.49
080-331,08085,33182,PHL,MIA,215.23,Specialized Freight Carriers,319.6,48.49
080-463,08067,46320,PHL,ORD,192.3,WARD Trucking,317.2,64.95
080-611,08067,61109,PHL,ORD,187.46,WARD Trucking,356.2,90.01
085-088,08520,08831,EWR,EWR,157.39,XPO,135.0,-14.22
085-113,08512,11378,EWR,JFK,236.88,Old Dominion Freight Line,145.0,-38.79
085-331,08520,33178,EWR,MIA,215.23,Specialized Freight Carriers,261.6,21.55
085-917,08512,91730,EWR,LAX,368.89,WARD Trucking,467.0,26.6
086-113,08638,11378,EWR,JFK,237.86,XPO,151.0,-36.52
086-221,08638,22191,EWR,IAD,166.03,WARD Trucking,250.8,51.06
086-302,08638,30213,EWR,ATL,240.65,XPO,213.8,-11.16
086-328,08638,32824,EWR,MCO,261.27,Specialized Freight Carriers,245.2,-6.15
086-333,08638,33317,EWR,MIA,215.23,Specialized Freight Carriers,258.6,20.15
086-761,08638,76119,EWR,DFW,248.53,XPO,264.2,6.31
086-917,08638,91730,EWR,LAX,362.71,WARD Trucking,473.0,30.41
088-070,08831,07047,EWR,EWR,148.64,Forward,140.0,-5.81
088-076,08854,07670,EWR,EWR,148.64,Forward,131.0,-11.87
088-080,08831,08016,EWR,PHL,157.13,XPO,152.0,-3.26
088-085,08820,08512,EWR,EWR,157.4,XPO,119.0,-24.4
088-088,08861,08831,EWR,EWR,150.15,A. Duie Pyle,125.0,-16.75
088-100,08817,10001,EWR,JFK,224.94,FedEx Priority,129.0,-42.65
088-104,08837,10472,EWR,JFK,236.88,Old Dominion Freight Line,142.0,-40.05
088-112,08854,11219,EWR,JFK,231.76,A. Duie Pyle,125.0,-46.06
088-113,08837,11378,EWR,JFK,196.54,XPO,135.0,-31.31
088-114,08876,11434,EWR,JFK,196.89,XPO,134.0,-31.94
088-115,08817,11501,EWR,JFK,209.39,XPO,156.0,-25.5
088-117,08817,11788,EWR,JFK,213.91,XPO,177.0,-17.26
088-180,08817,18064,EWR,ABE,157.66,XPO,139.0,-11.84
088-190,08837,19057,EWR,PHL,156.33,WARD Trucking,136.0,-13.01
088-191,08810,19154,EWR,PHL,156.33,WARD Trucking,150.0,-4.05
088-197,08817,19720,EWR,PHL,173.01,WARD Trucking,191.0,10.4
088-201,08861,20166,EWR,IAD,195.12,XPO,238.8,22.39
088-207,08817,20794,EWR,BWI,161.8,WARD Trucking,343.0,111.99
088-208,08817,20852,EWR,BWI,161.8,WARD Trucking,363.0,124.35
088-212,08817,21244,EWR,BWI,161.35,WARD Trucking,343.0,112.58
088-221,08837,22191,EWR,IAD,168.93,WARD Trucking,234.8,38.99
088-300,08831,30071,EWR,ATL,212.12,XPO,207.8,-2.04
088-302,08816,30213,EWR,ATL,244.36,FedEx Economy,198.8,-18.65
088-328,08816,32824,EWR,MCO,257.69,Forward,230.2,-10.67
088-330,08817,33014,EWR,MIA,215.23,Specialized Freight Carriers,232.6,8.07
088-331,08810,33178,EWR,MIA,215.23,Specialized Freight Carriers,253.6,17.83
088-410,08810,41042,EWR,CVG,175.69,WARD Trucking,186.0,5.87
088-600,08837,60007,EWR,ORD,187.46,WARD Trucking,206.2,10.0
088-601,08817,60191,EWR,ORD,187.46,WARD Trucking,197.2,5.2
088-605,08816,60517,EWR,ORD,187.46,WARD Trucking,222.2,18.53
088-917,08837,91730,EWR,LAX,338.98,XPO,457.0,34.81
089-070,08902,07064,EWR,EWR,168.65,WARD Trucking,114.0,-32.4
089-113,08902,11378,EWR,JFK,231.26,XPO,133.0,-42.49
089-221,08902,22191,EWR,IAD,168.33,WARD Trucking,232.8,38.3
089-281,08902,28134,EWR,CLT,181.73,WARD Trucking,195.8,7.74
089-302,08902,30213,EWR,ATL,243.41,FedEx Economy,195.8,-19.56
089-328,08902,32824,EWR,MCO,224.72,Forward,227.2,1.1
089-331,08902,33166,EWR,MIA,215.23,Specialized Freight Carriers,239.6,11.32
089-372,08902,37207,EWR,BNA,203.78,XPO,244.2,19.83
089-600,08902,60010,EWR,ORD,187.46,WARD Trucking,223.2,19.06
089-761,08902,76119,EWR,DFW,248.53,XPO,246.2,-0.94
089-782,08902,78219,EWR,SAT,288.37,XPO,253.8,-11.99
089-917,08902,91730,EWR,LAX,348.71,XPO,455.0,30.48
089-923,08902,92337,EWR,LAX,356.81,WARD Trucking,461.0,29.2
100-070,10003,07047,JFK,EWR,219.33,Estes,150.0,-31.61
100-100,10011,10001,JFK,JFK,212.23,XPO,151.0,-28.85
100-604,10013,60402,JFK,ORD,337.18,FedEx Priority,232.2,-31.13
100-810,10003,81001,JFK,DEN,487.9,XPO,447.0,-8.38
111-111,11102,11106,JFK,JFK,224.25,Old Dominion Freight Line,180.0,-19.73
112-070,11206,07047,JFK,EWR,215.02,A. Duie Pyle,152.0,-29.31
112-113,11232,11378,JFK,JFK,224.25,Old Dominion Freight Line,159.0,-29.1
114-070,11434,07047,JFK,EWR,194.44,XPO,163.0,-16.17
114-100,11434,10016,JFK,JFK,306.16,Forward,164.0,-46.43
114-115,11434,11507,JFK,JFK,224.25,Old Dominion Freight Line,190.0,-15.27
115-300,11590,30046,JFK,ATL,244.36,FedEx Economy,261.8,7.14
115-331,11590,33178,JFK,MIA,221.8,Specialized Freight Carriers,301.6,35.98
115-334,11590,33487,JFK,MIA,221.8,Specialized Freight Carriers,325.6,46.8
115-341,11590,34109,JFK,TPA,221.8,Specialized Freight Carriers,422.6,90.53
115-342,11590,34234,JFK,TPA,268.73,Specialized Freight Carriers,330.6,23.02
115-600,11590,60035,JFK,ORD,254.89,FedEx Economy,279.2,9.54
115-750,11590,75056,JFK,DFW,303.57,XPO,306.2,0.87
115-773,11590,77354,JFK,IAH,291.75,XPO,336.2,15.24
117-070,11788,07047,JFK,EWR,191.75,A. Duie Pyle,202.0,5.35
117-114,11788,11434,JFK,JFK,224.25,Old Dominion Freight Line,214.0,-4.57
117-331,11788,33178,JFK,MIA,221.8,Specialized Freight Carriers,319.6,44.09
180-070,18031,07047,ABE,EWR,156.33,WARD Trucking,179.0,14.5
180-212,18015,21215,ABE,BWI,161.35,WARD Trucking,379.0,134.89
180-331,18031,33182,ABE,MIA,286.37,WARD Trucking,297.6,3.92
190-070,19020,07047,PHL,EWR,132.27,Forward,162.0,22.48
190-174,19030,17404,PHL,MDT,151.45,XPO,340.0,124.5
190-190,19030,19030,PHL,PHL,150.15,A. Duie Pyle,156.0,3.9
190-243,19030,24301,PHL,GSO,200.85,FedEx Priority,396.8,97.56
190-301,19030,30152,PHL,ATL,217.15,WARD Trucking,220.8,1.68
190-331,19020,33178,PHL,MIA,286.19,WARD Trucking,279.6,-2.3
190-344,19030,34471,PHL,MCO,287.27,WARD Trucking,332.2,15.64
190-462,19030,46268,PHL,IND,178.08,WARD Trucking,208.0,16.8
190-551,19030,55104,PHL,MSP,263.22,Forward,289.8,10.1
190-601,19030,60185,PHL,ORD,187.46,WARD Trucking,242.2,29.2
190-781,19030,78130,PHL,SAT,272.24,WARD Trucking,313.8,15.26
193-070,19311,07047,PHL,EWR,157.33,Forward,209.0,32.85
194-070,19406,07047,PHL,EWR,132.27,Forward,176.0,33.06
194-331,19464,33178,PHL,MIA,260.56,XPO,310.6,19.21
195-191,19533,19154,MDT,PHL,160.19,WARD Trucking,266.0,66.05
197-331,19720,33178,PHL,MIA,281.21,Forward,333.6,18.63
210-331,21076,33182,BWI,MIA,269.28,WARD Trucking,247.6,-8.05
241-113,24115,11378,GSO,JFK,282.1,Old Dominion Freight Line,284.84,0.97
241-917,24115,91730,GSO,LAX,457.15,Forward,377.96,-17.32
272-088,27288,08831,GSO,EWR,221.06,R&L Carriers,251.84,13.92
272-113,27263,11378,GSO,JFK,319.67,Old Dominion Freight Line,236.84,-25.91
272-282,27288,28214,GSO,CLT,160.96,XPO,235.2,46.13
272-302,27263,30213,GSO,ATL,166.31,Forward,202.6,21.82
272-331,27288,33178,GSO,MIA,247.48,Averitt Express,281.4,13.71
272-605,27263,60502,GSO,ORD,222.81,XPO,242.68,8.92
272-761,27288,76119,GSO,DFW,238.23,XPO,288.4,21.06
272-917,27263,91730,GSO,LAX,332.98,XPO,329.96,-0.91
273-917,27370,91730,GSO,LAX,333.65,XPO,342.96,2.79
280-331,28034,33182,CLT,MIA,224.26,XPO,250.6,11.74
281-331,28110,33178,CLT,MIA,225.2,Averitt Express,259.6,15.27
282-070,28273,07047,CLT,EWR,205.55,WARD Trucking,219.04,6.56
282-113,28206,11378,CLT,JFK,320.57,Old Dominion Freight Line,242.04,-24.5
282-275,28214,27526,CLT,RDU,126.81,Forward,223.64,76.35
282-282,28214,28273,CLT,CLT,126.81,Forward,113.0,-10.89
282-296,28214,29607,CLT,GSP,143.53,Forward,176.2,22.76
282-302,28273,30297,CLT,ATL,163.48,Forward,164.2,0.44
282-303,28202,30333,CLT,ATL,148.52,Forward,178.2,19.99
282-331,28273,33182,CLT,MIA,207.82,XPO,208.6,0.38
282-750,28269,75013,CLT,DFW,233.55,XPO,260.6,11.58
282-917,28206,91730,CLT,LAX,324.89,XPO,315.96,-2.75
286-191,28655,19154,CLT,PHL,198.44,XPO,351.04,76.9
286-302,28655,30213,CLT,ATL,180.72,R&L Carriers,282.2,56.15
286-331,28655,33178,CLT,MIA,225.37,XPO,325.6,44.47
286-900,28655,90040,CLT,LAX,309.7,XPO,388.96,25.59
286-917,28655,91730,CLT,LAX,325.53,XPO,415.96,27.78
293-331,29301,33182,GSP,MIA,223.61,XPO,223.4,-0.09
294-294,29403,29492,CHS,CHS,143.11,XPO,100.0,-30.13
296-302,29644,30297,GSP,ATL,163.71,Averitt Express,182.6,11.54
296-331,29627,33166,GSP,MIA,236.84,XPO,226.4,-4.41
297-331,29730,33178,CLT,MIA,221.67,Averitt Express,236.6,6.74
300-070,30071,07047,ATL,EWR,234.27,Daylight Transport,267.0,13.97
300-113,30071,11379,ATL,JFK,363.77,ABF Freight,273.0,-24.95
300-282,30024,28226,ATL,CLT,167.22,Forward,188.2,12.55
300-300,30071,30071,ATL,ATL,154.1,Forward,110.0,-28.62
300-302,30071,30213,ATL,ATL,154.1,Forward,110.0,-28.62
300-303,30004,30349,ATL,ATL,170.48,XPO,120.0,-29.61
300-328,30071,32810,ATL,MCO,201.6,FedEx Priority,214.6,6.45
300-330,30071,33069,ATL,MIA,235.58,Averitt Express,229.0,-2.79
300-331,30071,33178,ATL,MIA,229.09,Forward,221.0,-3.53
300-372,30071,37207,ATL,BNA,141.62,Forward,219.6,55.06
300-600,30076,60015,ATL,ORD,194.51,XPO,205.12,5.45
300-750,30096,75019,ATL,DFW,189.58,Daylight Transport,202.4,6.76
300-752,30004,75241,ATL,DFW,189.58,Daylight Transport,219.4,15.73
300-770,30092,77034,ATL,IAH,183.64,Daylight Transport,227.2,23.72
300-917,30071,91740,ATL,LAX,309.67,XPO,317.0,2.37
301-070,30180,07031,ATL,EWR,234.27,Daylight Transport,264.0,12.69
301-243,30120,24301,ATL,GSO,200.85,FedEx Priority,359.76,79.12
301-300,30180,30041,ATL,ATL,169.79,Daylight Transport,120.0,-29.33
301-301,30120,30152,ATL,ATL,123.45,Dayton Freight Lines,120.0,-2.8
301-302,30180,30265,ATL,ATL,169.36,Daylight Transport,120.0,-29.14
301-303,30122,30327,ATL,ATL,170.48,XPO,110.0,-35.48
301-331,30114,33178,ATL,MIA,236.64,Forward,231.0,-2.38
301-917,30102,91730,ATL,LAX,271.12,XPO,328.0,20.98
302-070,30297,07064,ATL,EWR,234.27,Daylight Transport,253.0,7.99
302-113,30297,11378,ATL,JFK,346.34,Forward,272.0,-21.46
302-221,30297,22191,ATL,IAD,201.85,Forward,214.6,6.32
302-281,30297,28134,ATL,CLT,177.74,Averitt Express,171.2,-3.68
302-300,30233,30071,ATL,ATL,170.18,XPO,120.0,-29.49
302-301,30233,30152,ATL,ATL,170.18,XPO,120.0,-29.49
302-302,30297,30213,ATL,ATL,170.19,XPO,110.0,-35.37
302-303,30233,30340,ATL,ATL,170.47,XPO,120.0,-29.61
302-328,30297,32824,ATL,MCO,200.85,FedEx Priority,202.6,0.87
302-331,30297,33166,ATL,MIA,246.17,Forward,215.0,-12.66
302-372,30297,37207,ATL,BNA,170.47,XPO,219.6,28.82
302-462,30297,46268,ATL,IND,180.0,XPO,190.4,5.78
302-704,30297,70403,ATL,MSY,200.84,FedEx Priority,220.0,9.54
302-750,30297,75074,ATL,DFW,189.58,Daylight Transport,215.4,13.62
302-761,30297,76119,ATL,DFW,196.12,Forward,202.4,3.2
302-782,30297,78219,ATL,SAT,233.51,Forward,229.2,-1.85
302-917,30297,91730,ATL,LAX,252.39,XPO,328.0,29.96
302-923,30297,92337,ATL,LAX,335.58,XPO,334.0,-0.47
303-282,30336,28214,ATL,CLT,172.85,XPO,181.2,4.83
303-300,30360,30030,ATL,ATL,170.47,XPO,110.0,-35.47
303-302,30336,30297,ATL,ATL,159.45,Averitt Express,110.0,-31.01
303-303,30341,30341,ATL,ATL,162.15,Averitt Express,110.0,-32.16
303-331,30336,33178,ATL,MIA,224.59,Forward,221.0,-1.6
303-770,30349,77032,ATL,IAH,189.58,Daylight Transport,223.2,17.73
305-330,30518,33014,ATL,MIA,223.52,Forward,218.0,-2.47
305-331,30518,33166,ATL,MIA,226.76,Averitt Express,225.0,-0.78
327-331,32724,33166,MCO,MIA,129.84,Specialized Freight Carriers,223.6,72.21
328-330,32837,33040,MCO,MIA,208.78,FedEx Priority,276.6,32.48
328-331,32809,33182,MCO,MIA,129.84,Specialized Freight Carriers,173.6,33.7
328-334,32809,33415,MCO,MIA,129.84,Specialized Freight Carriers,213.6,64.51
329-331,32904,33178,MCO,MIA,129.84,Specialized Freight Carriers,236.6,82.22
330-070,33076,07047,MIA,EWR,188.95,Specialized Freight Carriers,257.4,36.22
330-300,33063,30093,MIA,ATL,188.33,XPO,191.6,1.74
330-302,33025,30213,MIA,ATL,188.32,XPO,165.6,-12.06
330-328,33025,32824,MIA,MCO,129.84,Specialized Freight Carriers,158.6,22.15
330-330,33010,33010,MIA,MIA,129.84,Specialized Freight Carriers,104.0,-19.9
330-331,33018,33178,MIA,MIA,129.84,Specialized Freight Carriers,114.0,-12.2
330-334,33012,33487,MIA,MIA,129.84,Specialized Freight Carriers,133.0,2.43
330-336,33025,33603,MIA,TPA,129.84,Specialized Freight Carriers,170.0,30.93
330-770,33025,77036,MIA,IAH,236.07,Forward,214.4,-9.18
330-900,33018,90040,MIA,LAX,340.97,XPO,297.44,-12.77
330-917,33023,91730,MIA,LAX,332.17,XPO,317.44,-4.43
331-070,33122,07036,MIA,EWR,188.95,Specialized Freight Carriers,231.4,22.46
331-088,33178,08817,MIA,EWR,188.95,Specialized Freight Carriers,226.4,19.82
331-100,33142,10035,MIA,JFK,225.47,Specialized Freight Carriers,252.4,11.94
331-112,33178,11208,MIA,JFK,202.09,Specialized Freight Carriers,253.4,25.39
331-113,33166,11378,MIA,JFK,202.09,Specialized Freight Carriers,245.4,21.43
331-117,33178,11705,MIA,JFK,202.09,Specialized Freight Carriers,306.4,51.62
331-201,33122,20149,MIA,IAD,216.88,XPO,225.84,4.13
331-282,33172,28227,MIA,CLT,197.44,Averitt Express,217.0,9.91
331-300,33172,30071,MIA,ATL,187.99,XPO,183.6,-2.34
331-302,33194,30297,MIA,ATL,187.99,XPO,167.6,-10.85
331-303,33142,30331,MIA,ATL,188.32,XPO,176.6,-6.22
331-327,33166,32724,MIA,MCO,129.84,Specialized Freight Carriers,223.6,72.21
331-328,33166,32824,MIA,MCO,129.84,Specialized Freight Carriers,169.6,30.62
331-330,33142,33064,MIA,MIA,129.84,Specialized Freight Carriers,127.0,-2.19
331-331,33178,33178,MIA,MIA,115.27,AAA COOPER TRANSPORTATION,120.0,4.1
331-333,33142,33351,MIA,MIA,129.84,Specialized Freight Carriers,115.0,-11.43
331-334,33178,33407,MIA,MIA,129.84,Specialized Freight Carriers,169.0,30.16
331-336,33178,33634,MIA,TPA,129.84,Specialized Freight Carriers,195.0,50.18
331-337,33178,33716,MIA,TPA,129.84,Specialized Freight Carriers,198.0,52.5
331-338,33150,33813,MIA,TPA,129.84,Specialized Freight Carriers,200.0,54.04
331-339,33166,33913,MIA,TPA,129.84,Specialized Freight Carriers,296.0,127.97
331-342,33178,34243,MIA,TPA,129.84,Specialized Freight Carriers,221.0,70.21
331-347,33178,34747,MIA,MCO,129.84,Specialized Freight Carriers,189.6,46.03
331-349,33147,34987,MIA,MIA,129.84,Specialized Freight Carriers,210.0,61.74
331-600,33122,60056,MIA,ORD,222.45,XPO,238.2,7.08
331-601,33178,60191,MIA,ORD,224.69,XPO,235.2,4.68
331-605,33166,60502,MIA,ORD,228.42,XPO,260.2,13.91
331-606,33133,60606,MIA,ORD,257.39,XPO,256.2,-0.46
331-750,33131,75050,MIA,DFW,182.03,Forward,216.4,18.88
331-752,33142,75261,MIA,DFW,182.03,Forward,222.4,22.17
331-770,33126,77001,MIA,IAH,250.06,Averitt Express,224.4,-10.26
331-774,33166,77477,MIA,IAH,248.36,Averitt Express,234.4,-5.62
331-782,33178,78249,MIA,SAT,281.45,Averitt Express,239.0,-15.08
331-852,33172,85284,MIA,PHX,301.59,XPO,364.6,20.89
331-900,33133,90045,MIA,LAX,389.32,XPO,314.44,-19.23
331-917,33166,91730,MIA,LAX,322.18,XPO,324.44,0.7
331-923,33131,92337,MIA,LAX,367.55,XPO,336.44,-8.47
331-940,33122,94043,MIA,SFO,392.75,Daylight Transport,411.2,4.7
331-945,33131,94545,MIA,SFO,364.75,XPO,405.2,11.09
333-331,33315,33178,MIA,MIA,129.84,Specialized Freight Carriers,119.0,-8.35
334-331,33442,33178,MIA,MIA,129.84,Specialized Freight Carriers,134.0,3.2
335-331,33558,33178,TPA,MIA,129.84,Specialized Freight Carriers,201.0,54.81
336-300,33610,30062,TPA,ATL,188.33,XPO,175.16,-6.99
336-331,33619,33166,TPA,MIA,129.84,Specialized Freight Carriers,177.0,36.32
337-331,33760,33178,TPA,MIA,129.84,Specialized Freight Carriers,202.0,55.58
338-331,33811,33166,TPA,MIA,129.84,Specialized Freight Carriers,197.0,51.73
342-331,34243,33178,TPA,MIA,129.84,Specialized Freight Carriers,221.0,70.21
347-331,34787,33178,MCO,MIA,129.84,Specialized Freight Carriers,194.6,49.88
374-386,37402,38654,TYS,MEM,143.94,Dayton Freight Lines,206.0,43.12
381-331,38106,33178,MEM,MIA,253.41,XPO,216.0,-14.76
402-331,40219,33182,SDF,MIA,297.14,R&L Carriers,255.4,-14.05
402-601,40229,60143,SDF,ORD,143.19,Forward,166.76,16.46
410-331,41048,33172,CVG,MIA,296.16,R&L Carriers,255.4,-13.76
410-601,41048,60191,CVG,ORD,130.04,Forward,161.2,23.96
431-301,43123,30152,CMH,ATL,197.96,Dayton Freight Lines,197.4,-0.28
431-331,43125,33182,CMH,MIA,285.73,Forward,241.0,-15.65
431-431,43123,43123,CMH,CMH,145.5,XPO,124.0,-14.78
431-463,43123,46356,CMH,ORD,158.68,Dayton Freight Lines,229.0,44.31
431-549,43123,54901,CMH,MKE,185.51,Dayton Freight Lines,217.4,17.19
450-331,45014,33178,CVG,MIA,313.4,WARD Trucking,264.4,-15.63
452-331,45223,33182,CVG,MIA,308.62,WARD Trucking,255.4,-17.24
452-600,45241,60007,CVG,ORD,126.81,Forward,178.2,40.52
452-917,45217,91730,CVG,LAX,343.94,XPO,314.04,-8.69
453-431,45377,43125,DAY,CMH,153.32,Dayton Freight Lines,224.6,46.49
453-432,45377,43217,DAY,CMH,153.32,Dayton Freight Lines,224.6,46.49
453-450,45377,45040,DAY,CVG,153.32,Dayton Freight Lines,209.6,36.71
453-452,45377,45237,DAY,CVG,153.32,Dayton Freight Lines,199.6,30.19
461-331,46143,33182,IND,MIA,279.18,Forward,264.0,-5.44
462-331,46219,33182,IND,MIA,207.02,Forward,254.0,22.7
462-461,46219,46161,IND,IND,134.56,Dayton Freight Lines,130.0,-3.39
462-462,46268,46268,IND,IND,134.56,Dayton Freight Lines,110.0,-18.25
471-331,47130,33182,SDF,MIA,319.0,Averitt Express,255.4,-19.94
481-481,48174,48174,DTW,DTW,134.55,Dayton Freight Lines,140.0,4.05
481-483,48174,48315,DTW,DTW,134.55,Dayton Freight Lines,125.0,-7.1
530-331,53022,33182,MKE,MIA,281.27,XPO,242.6,-13.75
530-600,53051,60007,MKE,ORD,126.81,Forward,225.8,78.06
530-601,53024,60161,MKE,ORD,126.81,Forward,231.8,82.79
531-331,53142,33122,MKE,MIA,320.22,Averitt Express,247.6,-22.68
531-600,53151,60007,MKE,ORD,126.81,Forward,225.8,78.06
531-601,53186,60188,MKE,ORD,126.81,Forward,232.8,83.58
532-331,53224,33166,MKE,MIA,278.6,XPO,235.6,-15.43
532-601,53212,60185,MKE,ORD,126.81,Forward,238.8,88.31
535-331,53562,33182,MKE,MIA,340.37,Averitt Express,267.6,-21.38
551-331,55110,33182,MSP,MIA,306.61,XPO,272.6,-11.09
551-553,55121,55340,MSP,MSP,134.55,Dayton Freight Lines,141.0,4.8
551-600,55110,60007,MSP,ORD,126.81,Forward,255.8,101.71
553-331,55368,33178,MSP,MIA,329.99,XPO,304.6,-7.69
553-553,55344,55340,MSP,MSP,134.55,Dayton Freight Lines,161.0,19.66
553-600,55343,60007,MSP,ORD,126.81,Forward,247.8,95.4
553-601,55369,60106,MSP,ORD,136.52,Forward,254.8,86.64
554-331,55428,33182,MSP,MIA,322.49,XPO,272.6,-15.47
554-600,55441,60007,MSP,ORD,126.81,Forward,253.8,100.14
554-601,55445,60191,MSP,ORD,128.39,Forward,253.8,97.68
600-070,60007,07047,ORD,EWR,229.75,WARD Trucking,219.2,-4.59
600-300,60031,30071,ORD,ATL,169.77,Forward,240.6,41.72
600-302,60007,30297,ORD,ATL,158.96,Forward,206.6,29.97
600-330,60031,33025,ORD,MIA,332.31,WARD Trucking,235.0,-29.28
600-331,60007,33182,ORD,MIA,322.43,Forward,219.0,-32.08
600-600,60007,60007,ORD,ORD,126.81,Forward,109.0,-14.05
600-601,60031,60101,ORD,ORD,127.81,Forward,140.0,9.54
600-604,60007,60440,ORD,ORD,137.24,Dayton Freight Lines,130.0,-5.27
600-606,60031,60638,ORD,ORD,137.24,Dayton Freight Lines,155.0,12.94
600-750,60033,75019,ORD,DFW,225.85,Daylight Transport,271.6,20.26
600-752,60033,75221,ORD,DFW,226.28,Daylight Transport,277.6,22.68
600-770,60067,77029,ORD,IAH,235.6,Daylight Transport,226.6,-3.82
600-917,60031,91752,ORD,LAX,294.76,WARD Trucking,295.0,0.08
601-070,60106,07047,ORD,EWR,228.89,WARD Trucking,210.2,-8.16
601-088,60123,08831,ORD,EWR,222.64,Forward,229.2,2.95
601-300,60123,30043,ORD,ATL,212.29,Forward,235.6,10.98
601-302,60106,30297,ORD,ATL,206.01,Forward,197.6,-4.08
601-330,60172,33033,ORD,MIA,328.09,XPO,243.0,-25.94
601-331,60191,33182,ORD,MIA,317.63,XPO,212.0,-33.26
601-402,60185,40214,ORD,SDF,156.01,Dayton Freight Lines,189.0,21.15
601-432,60172,43229,ORD,CMH,165.39,Dayton Freight Lines,200.76,21.38
601-450,60101,45014,ORD,CVG,161.98,XPO,183.0,12.98
601-452,60172,45249,ORD,CVG,165.39,Dayton Freight Lines,189.0,14.27
601-460,60172,46011,ORD,IND,142.59,Dayton Freight Lines,191.2,34.09
601-461,60185,46143,ORD,IND,142.59,Dayton Freight Lines,191.2,34.09
601-462,60172,46219,ORD,IND,142.16,Dayton Freight Lines,171.2,20.42
601-530,60172,53044,ORD,MKE,141.92,XPO,255.2,79.82
601-531,60172,53168,ORD,MKE,127.05,Forward,240.2,89.05
601-532,60131,53212,ORD,MKE,127.05,Forward,219.2,72.53
601-535,60106,53589,ORD,MKE,156.82,Forward,243.2,55.08
601-551,60148,55121,ORD,MSP,170.15,XPO,227.2,33.53
601-553,60172,55350,ORD,MSP,163.34,XPO,333.2,104.0
601-554,60123,55445,ORD,MSP,173.68,XPO,281.2,61.91
601-600,60106,60007,ORD,ORD,126.81,Forward,100.0,-21.14
601-601,60106,60191,ORD,ORD,126.81,Forward,93.0,-26.66
601-604,60106,60487,ORD,ORD,136.82,Dayton Freight Lines,129.0,-5.72
601-605,60172,60502,ORD,ORD,136.82,Dayton Freight Lines,136.0,-0.6
601-606,60155,60641,ORD,ORD,136.82,Dayton Freight Lines,110.0,-19.6
601-750,60106,75006,ORD,DFW,226.66,Daylight Transport,203.6,-10.18
601-752,60172,75244,ORD,DFW,222.57,Daylight Transport,215.6,-3.13
601-770,60123,77055,ORD,IAH,235.6,Daylight Transport,217.6,-7.64
601-900,60123,90040,ORD,LAX,258.52,XPO,249.0,-3.68
601-917,60104,91730,ORD,LAX,293.56,WARD Trucking,254.0,-13.48
604-070,60436,07047,ORD,EWR,229.75,WARD Trucking,259.2,12.82
604-301,60446,30135,ORD,ATL,227.19,WARD Trucking,231.6,1.94
604-303,60446,30336,ORD,ATL,226.33,WARD Trucking,231.6,2.33
604-330,60446,33018,ORD,MIA,296.8,Forward,237.0,-20.15
604-331,60446,33182,ORD,MIA,296.8,Forward,244.0,-17.79
604-342,60446,34243,ORD,TPA,305.52,XPO,289.0,-5.41
604-386,60450,38672,ORD,MEM,172.09,Dayton Freight Lines,261.6,52.01
604-410,60446,41042,ORD,CVG,156.0,Dayton Freight Lines,201.0,28.85
604-461,60450,46168,ORD,IND,142.59,Dayton Freight Lines,238.2,67.05
604-462,60423,46218,ORD,IND,142.59,Dayton Freight Lines,204.2,43.21
604-474,60446,47429,ORD,IND,149.18,Dayton Freight Lines,213.2,42.92
604-531,60446,53177,ORD,MKE,138.16,Dayton Freight Lines,252.2,82.55
604-551,60450,55112,ORD,MSP,181.01,Dayton Freight Lines,313.2,73.03
604-553,60450,55316,ORD,MSP,180.43,Dayton Freight Lines,327.2,81.35
604-554,60450,55402,ORD,MSP,181.01,Dayton Freight Lines,300.2,65.85
604-600,60450,60085,ORD,ORD,136.82,Dayton Freight Lines,202.0,47.64
604-601,60450,60188,ORD,ORD,136.82,Dayton Freight Lines,176.0,28.64
604-604,60411,60436,ORD,ORD,136.82,Dayton Freight Lines,193.0,41.06
604-605,60450,60517,ORD,ORD,136.82,Dayton Freight Lines,184.0,34.48
604-606,60450,60608,ORD,ORD,136.82,Dayton Freight Lines,182.0,33.02
604-750,60450,75007,ORD,DFW,227.08,Daylight Transport,275.6,21.37
604-752,60446,75241,ORD,DFW,226.05,Daylight Transport,250.6,10.86
604-800,60446,80011,ORD,DEN,287.47,ABF Freight,295.36,2.75
604-810,60440,81001,ORD,DEN,302.15,XPO,427.36,41.44
604-853,60446,85395,ORD,PHX,245.34,XPO,344.8,40.54
604-917,60446,91708,ORD,LAX,294.76,WARD Trucking,283.0,-3.99
604-925,60446,92518,ORD,LAX,294.76,WARD Trucking,300.0,1.78
605-328,60504,32824,ORD,MCO,302.36,FedEx Economy,250.0,-17.32
605-331,60502,33178,ORD,MIA,332.31,WARD Trucking,242.0,-27.18
605-600,60504,60007,ORD,ORD,137.24,Dayton Freight Lines,134.0,-2.36
605-601,60504,60124,ORD,ORD,136.82,Dayton Freight Lines,159.0,16.21
605-750,60504,75041,ORD,DFW,225.69,XPO,252.6,11.92
605-917,60502,91730,ORD,LAX,294.76,WARD Trucking,281.0,-4.67
606-331,60601,33132,ORD,MIA,331.02,WARD Trucking,230.0,-30.52
606-600,60629,60010,ORD,ORD,137.24,Dayton Freight Lines,145.0,5.66
606-601,60609,60143,ORD,ORD,137.24,Dayton Freight Lines,122.0,-11.1
606-941,60606,94103,ORD,SFO,346.93,WARD Trucking,379.8,9.48
615-074,61537,07407,ORD,EWR,259.25,Dayton Freight Lines,375.2,44.72
615-080,61537,08010,ORD,PHL,259.24,Dayton Freight Lines,388.2,49.74
615-181,61537,18103,ORD,ABE,248.91,Saia LTL Freight,395.2,58.77
615-190,61537,19061,ORD,PHL,259.25,Dayton Freight Lines,419.2,61.7
615-212,61537,21230,ORD,BWI,257.06,FedEx Economy,386.2,50.24
615-243,61537,24301,ORD,GSO,236.5,FedEx Economy,560.92,137.17
615-281,61537,28134,ORD,CLT,228.26,Averitt Express,384.92,68.63
615-282,61537,28208,ORD,CLT,236.39,Averitt Express,391.92,65.79
615-286,61537,28625,ORD,CLT,232.49,Averitt Express,460.92,98.26
615-293,61537,29369,ORD,GSP,230.46,FedEx Economy,389.92,69.19
615-297,61537,29720,ORD,CLT,237.55,Averitt Express,430.92,81.4
615-300,61537,30013,ORD,ATL,230.46,FedEx Economy,370.6,60.81
615-301,61537,30121,ORD,ATL,208.84,Dayton Freight Lines,370.6,77.45
615-307,61537,30721,ORD,TYS,200.94,Dayton Freight Lines,372.0,85.13
615-328,61537,32809,ORD,MCO,305.11,Averitt Express,376.0,23.23
615-390,61537,39083,ORD,MEM,245.42,R&L Carriers,399.0,62.58
615-401,61537,40109,ORD,SDF,156.01,Dayton Freight Lines,340.0,117.93
615-430,61537,43025,ORD,CMH,165.39,Dayton Freight Lines,376.76,127.8
615-431,61537,43123,ORD,CMH,165.39,Dayton Freight Lines,331.76,100.59
615-432,61537,43207,ORD,CMH,165.39,Dayton Freight Lines,337.76,104.22
615-462,61537,46268,ORD,IND,142.59,Dayton Freight Lines,322.2,125.96
615-463,61537,46320,ORD,ORD,142.16,Dayton Freight Lines,303.0,113.13
615-530,61537,53082,ORD,MKE,157.35,Dayton Freight Lines,406.2,158.16
615-531,61537,53154,ORD,MKE,138.57,Dayton Freight Lines,381.2,175.09
615-549,61537,54901,ORD,MKE,160.69,XPO,406.2,152.79
615-550,61537,55003,ORD,MSP,177.45,Dayton Freight Lines,414.2,133.41
615-600,61537,60007,ORD,ORD,136.82,Dayton Freight Lines,263.0,92.22
615-606,61537,60628,ORD,ORD,137.24,Dayton Freight Lines,293.0,113.5
615-750,61537,75041,ORD,DFW,259.25,Dayton Freight Lines,381.6,47.19
615-921,61537,92121,ORD,SAN,332.8,Daylight Transport,452.0,35.82
615-923,61537,92395,ORD,LAX,344.21,XPO,446.0,29.57
615-928,61537,92870,ORD,LAX,293.74,Daylight Transport,402.0,36.86
750-300,75013,30004,DFW,ATL,179.26,Daylight Transport,212.2,18.38
750-302,75006,30297,DFW,ATL,179.26,Daylight Transport,177.2,-1.15
750-331,75063,33182,DFW,MIA,289.84,Forward,219.0,-24.44
750-601,75006,60191,DFW,ORD,210.75,Daylight Transport,191.4,-9.18
750-750,75051,75006,DFW,DFW,136.49,Daylight Transport,111.0,-18.67
750-752,75074,75261,DFW,DFW,136.82,Daylight Transport,136.0,-0.6
750-760,75006,76051,DFW,DFW,143.42,Daylight Transport,117.0,-18.42
750-770,75074,77020,DFW,IAH,185.94,Forward,232.2,24.88
750-773,75056,77380,DFW,IAH,156.61,Daylight Transport,248.2,58.49
750-774,75006,77477,DFW,IAH,187.98,XPO,222.2,18.2
750-782,75051,78227,DFW,SAT,185.94,Forward,274.0,47.36
750-786,75006,78640,DFW,AUS,175.55,Averitt Express,201.0,14.49
750-787,75006,78744,DFW,AUS,170.65,Averitt Express,211.0,23.64
750-802,75041,80214,DFW,DEN,223.81,Forward,260.4,16.35
750-850,75050,85027,DFW,PHX,259.07,XPO,329.8,27.3
750-902,75074,90221,DFW,LAX,275.17,Forward,341.8,24.22
750-917,75006,91730,DFW,LAX,254.3,XPO,346.8,36.38
751-331,75126,33178,DFW,MIA,352.65,R&L Carriers,255.0,-27.69
751-704,75172,70401,DFW,MSY,201.6,FedEx Priority,390.0,93.45
751-750,75172,75052,DFW,DFW,136.82,Daylight Transport,135.0,-1.33
751-761,75126,76119,DFW,DFW,143.42,Daylight Transport,156.0,8.77
751-770,75172,77073,DFW,IAH,156.21,Daylight Transport,246.2,57.61
751-782,75172,78219,DFW,SAT,185.94,XPO,280.0,50.59
752-113,75212,11378,DFW,JFK,389.52,XPO,307.0,-21.19
752-221,75212,22191,DFW,IAD,342.42,XPO,217.6,-36.45
752-281,75254,28105,DFW,CLT,226.16,Averitt Express,253.84,12.24
752-300,75243,30004,DFW,ATL,179.26,Daylight Transport,195.2,8.89
752-302,75212,30213,DFW,ATL,178.38,Daylight Transport,174.2,-2.34
752-328,75212,32824,DFW,MCO,251.23,XPO,205.6,-18.16
752-330,75244,33023,DFW,MIA,334.27,XPO,214.0,-35.98
752-331,75261,33122,DFW,MIA,312.93,XPO,218.0,-30.34
752-372,75212,37207,DFW,BNA,213.15,FedEx Economy,222.6,4.43
752-750,75212,75074,DFW,DFW,136.82,Daylight Transport,138.0,0.86
752-752,75247,75261,DFW,DFW,143.42,Daylight Transport,112.0,-21.91
752-761,75212,76119,DFW,DFW,161.87,XPO,125.0,-22.78
752-770,75220,77093,DFW,IAH,156.21,Daylight Transport,212.2,35.84
752-782,75212,78219,DFW,SAT,185.62,XPO,257.0,38.45
752-786,75234,78640,DFW,AUS,183.62,Averitt Express,199.0,8.38
752-787,75247,78758,DFW,AUS,169.65,Averitt Express,206.0,21.43
752-799,75212,79924,DFW,ELP,192.05,Forward,294.2,53.19
752-917,75212,91730,DFW,LAX,242.41,XPO,343.8,41.83
760-331,76063,33172,DFW,MIA,293.75,Forward,236.0,-19.66
760-750,76051,75006,DFW,DFW,143.42,Daylight Transport,117.0,-18.42
760-752,76031,75229,DFW,DFW,143.42,Daylight Transport,168.0,17.14
760-770,76051,77032,DFW,IAH,156.21,Daylight Transport,224.2,43.53
761-331,76140,33166,DFW,MIA,293.42,Forward,233.0,-20.59
761-750,76179,75050,DFW,DFW,143.42,Daylight Transport,123.0,-14.24
761-752,76140,75243,DFW,DFW,149.85,Forward,142.0,-5.24
761-761,76155,76119,DFW,DFW,136.82,Daylight Transport,111.0,-18.87
761-770,76140,77020,DFW,IAH,165.43,XPO,225.2,36.13
761-782,76155,78219,DFW,SAT,168.1,XPO,243.0,44.55
770-070,77073,07004,IAH,EWR,345.19,ABF Freight,272.2,-21.15
770-113,77016,11378,IAH,JFK,328.13,ABF Freight,269.2,-17.96
770-300,77092,30071,IAH,ATL,174.96,Daylight Transport,198.2,13.28
770-302,77041,30297,IAH,ATL,168.48,DAYLIGHT TRANSPORT,211.2,25.36
770-328,77016,32824,IAH,MCO,247.38,Forward,212.6,-14.06
770-330,77001,33014,IAH,MIA,274.77,XPO,208.0,-24.3
770-331,77041,33182,IAH,MIA,302.79,Forward,230.0,-24.04
770-601,77041,60106,IAH,ORD,217.58,Forward,213.16,-2.03
770-605,77033,60502,IAH,ORD,226.1,Daylight Transport,249.16,10.2
770-700,77087,70037,IAH,MSY,201.6,FedEx Priority,237.0,17.56
770-703,77087,70380,IAH,MSY,201.6,FedEx Priority,237.0,17.56
770-704,77033,70403,IAH,MSY,193.01,R&L Carriers,236.0,22.27
770-705,77041,70518,IAH,LFT,192.15,Averitt Express,233.0,21.26
770-708,77071,70815,IAH,BTR,186.51,Averitt Express,233.0,24.93
770-750,77071,75006,IAH,DFW,137.45,Forward,199.0,44.78
770-751,77071,75149,IAH,DFW,144.01,Forward,215.0,49.29
770-752,77021,75208,IAH,DFW,141.38,Forward,200.0,41.46
770-760,77075,76092,IAH,DFW,151.87,Forward,209.0,37.62
770-761,77033,76119,IAH,DFW,132.21,Forward,208.0,57.33
770-770,77041,77020,IAH,IAH,140.45,Forward,122.0,-13.14
770-773,77071,77373,IAH,IAH,136.49,Daylight Transport,141.0,3.31
770-774,77071,77477,IAH,IAH,166.62,Averitt Express,131.0,-21.38
770-775,77075,77571,IAH,IAH,136.49,Daylight Transport,160.0,17.23
770-780,77032,78028,IAH,SAT,163.34,XPO,263.0,61.02
770-781,77032,78130,IAH,SAT,163.05,XPO,195.0,19.59
770-782,77092,78232,IAH,SAT,168.98,XPO,149.0,-11.82
770-786,77020,78640,IAH,AUS,163.05,XPO,218.2,33.82
770-787,77041,78758,IAH,AUS,163.05,XPO,231.2,41.79
770-799,77085,79928,IAH,ELP,199.03,XPO,282.2,41.79
770-802,77070,80239,IAH,DEN,263.6,XPO,253.24,-3.93
770-850,77021,85028,IAH,PHX,267.83,Forward,349.8,30.61
770-900,77036,90057,IAH,LAX,286.33,XPO,315.8,10.29
770-902,77041,90221,IAH,LAX,286.33,XPO,324.8,13.44
770-917,77033,91730,IAH,LAX,287.11,XPO,351.8,22.53
770-945,77086,94565,IAH,SFO,307.95,XPO,380.8,23.66
773-113,77338,11378,IAH,JFK,375.91,XPO,282.2,-24.93
773-221,77338,22191,IAH,IAD,311.69,Forward,237.6,-23.77
773-302,77338,30213,IAH,ATL,174.17,Daylight Transport,226.2,29.88
773-331,77375,33182,IAH,MIA,286.8,Averitt Express,246.0,-14.23
773-770,77338,77020,IAH,IAH,136.49,Daylight Transport,137.0,0.38
773-917,77338,91730,IAH,LAX,287.11,XPO,363.8,26.71
774-070,77494,07064,IAH,EWR,299.65,XPO,265.2,-11.5
774-302,77494,30297,IAH,ATL,203.78,XPO,228.2,11.98
774-331,77494,33166,IAH,MIA,300.27,XPO,240.0,-20.07
774-600,77494,60010,IAH,ORD,245.13,XPO,258.16,5.31
774-750,77477,75006,IAH,DFW,164.24,XPO,204.0,24.21
774-751,77494,75126,IAH,DFW,164.54,XPO,244.0,48.3
774-752,77489,75229,IAH,DFW,164.54,XPO,203.0,23.38
774-760,77489,76051,IAH,DFW,178.8,XPO,199.0,11.3
774-761,77489,76177,IAH,DFW,178.81,XPO,217.0,21.36
774-770,77477,77020,IAH,IAH,160.77,Averitt Express,127.0,-21.0
774-773,77489,77301,IAH,IAH,171.94,Averitt Express,171.0,-0.55
774-774,77494,77493,IAH,IAH,182.05,XPO,164.0,-9.91
774-782,77494,78260,IAH,SAT,163.34,XPO,196.0,20.0
774-786,77489,78660,IAH,AUS,163.35,XPO,236.2,44.6
774-787,77489,78734,IAH,AUS,163.35,XPO,236.2,44.6
774-799,77494,79928,IAH,ELP,199.02,XPO,299.2,50.33
774-917,77478,91730,IAH,LAX,287.68,XPO,354.8,23.33
774-923,77494,92337,IAH,LAX,245.91,XPO,371.8,51.2
775-331,77507,33182,IAH,MIA,284.34,Averitt Express,258.0,-9.26
775-770,77507,77020,IAH,IAH,160.76,Averitt Express,150.0,-6.69
782-770,78219,77032,SAT,IAH,168.1,XPO,262.2,55.97
786-770,78634,77008,AUS,IAH,168.1,XPO,249.2,48.24
786-917,78610,91730,AUS,LAX,301.47,XPO,386.4,28.17
787-331,78744,33182,AUS,MIA,310.98,Averitt Express,267.6,-13.95
787-770,78767,77052,AUS,IAH,168.09,XPO,255.2,51.82
799-331,79936,33126,ELP,MIA,338.91,Averitt Express,281.6,-16.91
799-770,79936,77032,ELP,IAH,197.63,XPO,291.2,47.34
841-840,84104,84059,SLC,SLC,135.05,North Park Transportation,141.0,4.41
850-331,85026,33101,PHX,MIA,392.41,XPO,342.2,-12.8
850-770,85043,77020,PHX,IAH,268.95,XPO,321.8,19.65
850-902,85043,90221,PHX,LAX,170.46,Forward,173.0,1.49
852-331,85258,33182,PHX,MIA,313.23,XPO,365.2,16.59
852-902,85283,90221,PHX,LAX,170.46,Forward,199.0,16.74
891-891,89115,89115,LAS,LAS,131.76,Forward,144.0,9.29
891-902,89118,90221,LAS,LAX,207.83,R&L Carriers,179.0,-13.87
891-917,89115,91730,LAS,LAX,197.14,Forward,221.0,12.1
900-070,90010,07047,LAX,EWR,374.0,Forward,408.0,9.09
900-100,90001,10001,LAX,JFK,570.39,Forward,410.0,-28.12
900-113,90058,11378,LAX,JFK,479.29,ABF Freight,413.0,-13.83
900-221,90058,22191,LAX,IAD,426.5,Forward,313.8,-26.42
900-300,90058,30024,LAX,ATL,375.55,XPO,318.8,-15.11
900-302,90058,30213,LAX,ATL,375.56,XPO,308.8,-17.78
900-328,90058,32824,LAX,MCO,303.92,XPO,301.8,-0.7
900-330,90058,33062,LAX,MIA,333.06,XPO,332.2,-0.26
900-331,90015,33166,LAX,MIA,399.78,XPO,313.2,-21.66
900-600,90040,60007,LAX,ORD,270.47,XPO,246.24,-8.96
900-601,90058,60191,LAX,ORD,260.23,XPO,237.24,-8.84
900-605,90058,60502,LAX,ORD,325.05,Forward,268.24,-17.48
900-606,90021,60632,LAX,ORD,260.66,XPO,256.24,-1.7
900-750,90058,75074,LAX,DFW,281.73,XPO,321.0,13.94
900-752,90058,75229,LAX,DFW,282.27,XPO,301.0,6.63
900-761,90058,76119,LAX,DFW,316.8,XPO,308.0,-2.78
900-770,90058,77036,LAX,IAH,243.56,XPO,300.0,23.17
900-802,90040,80239,LAX,DEN,299.5,Forward,251.0,-16.19
900-840,90003,84087,LAX,SLC,248.4,Forward,203.0,-18.28
900-841,90011,84115,LAX,SLC,236.9,XPO,186.0,-21.49
900-850,90023,85043,LAX,PHX,219.4,R&L Carriers,176.0,-19.78
900-852,90058,85260,LAX,PHX,219.4,R&L Carriers,211.0,-3.83
900-890,90058,89032,LAX,LAS,215.55,R&L Carriers,180.0,-16.49
900-891,90058,89118,LAX,LAS,215.02,R&L Carriers,168.0,-21.87
900-900,90022,90008,LAX,LAX,178.32,XPO,86.0,-51.77
900-902,90038,90221,LAX,LAX,191.38,XPO,89.0,-53.5
900-917,90058,91730,LAX,LAX,171.19,XPO,110.0,-35.75
900-920,90040,92064,LAX,SAN,188.1,XPO,142.0,-24.51
900-921,90058,92154,LAX,SAN,187.82,XPO,172.0,-8.42
900-923,90022,92337,LAX,LAX,188.1,XPO,117.0,-37.8
900-925,90045,92507,LAX,LAX,208.15,XPO,135.0,-35.14
900-926,90045,92618,LAX,LAX,188.11,XPO,121.0,-35.68
900-941,90058,94124,LAX,SFO,241.92,Forward,184.0,-23.94
900-945,90058,94577,LAX,SFO,186.76,Forward,174.0,-6.83
900-980,90040,98032,LAX,SEA,311.26,Forward,225.0,-27.71
900-984,90058,98499,LAX,SEA,311.26,Forward,229.0,-26.43
902-070,90220,07006,LAX,EWR,374.0,Forward,409.0,9.36
902-113,90248,11378,LAX,JFK,568.99,ABF Freight,421.0,-26.01
902-300,90210,30096,LAX,ATL,375.56,XPO,330.8,-11.92
902-330,90220,33069,LAX,MIA,395.31,XPO,335.2,-15.21
902-331,90220,33178,LAX,MIA,342.32,XPO,327.2,-4.42
902-601,90221,60191,LAX,ORD,265.3,XPO,243.24,-8.32
902-750,90248,75081,LAX,DFW,281.73,XPO,321.0,13.94
902-752,90220,75237,LAX,DFW,282.27,XPO,312.0,10.53
902-770,90220,77071,LAX,IAH,273.02,XPO,311.0,13.91
902-802,90220,80202,LAX,DEN,288.24,Forward,257.0,-10.84
902-840,90255,84043,LAX,SLC,250.4,Forward,214.0,-14.54
902-841,90220,84104,LAX,SLC,246.39,Forward,199.0,-19.23
902-844,90248,84404,LAX,SLC,247.73,XPO,250.0,0.92
902-850,90220,85043,LAX,PHX,218.87,R&L Carriers,184.0,-15.93
902-852,90255,85260,LAX,PHX,218.87,R&L Carriers,212.0,-3.14
902-853,90220,85338,LAX,PHX,219.4,R&L Carriers,191.0,-12.95
902-890,90220,89030,LAX,LAS,215.55,R&L Carriers,187.0,-13.25
902-891,90220,89118,LAX,LAS,215.02,R&L Carriers,175.0,-18.61
902-900,90220,90001,LAX,LAX,178.32,XPO,89.0,-50.09
902-902,90220,90221,LAX,LAX,178.32,XPO,93.0,-47.85
902-906,90220,90670,LAX,LAX,179.08,XPO,95.0,-46.95
902-913,90220,91311,LAX,LAX,173.36,XPO,110.0,-36.55
902-917,90248,91730,LAX,LAX,171.18,XPO,118.0,-31.07
902-920,90248,92064,LAX,SAN,188.11,XPO,148.0,-21.32
902-921,90220,92154,LAX,SAN,166.75,Forward,179.0,7.35
902-923,90220,92337,LAX,LAX,205.16,XPO,123.0,-40.05
902-925,90220,92551,LAX,LAX,188.1,XPO,138.0,-26.63
902-926,90255,92618,LAX,LAX,187.82,XPO,111.0,-40.9
902-928,90221,92806,LAX,LAX,188.1,XPO,106.0,-43.65
902-940,90255,94087,LAX,SFO,224.79,R&L Carriers,185.0,-17.7
902-941,90255,94114,LAX,SFO,201.71,Forward,185.0,-8.29
902-945,90249,94545,LAX,SFO,231.47,R&L Carriers,182.0,-21.37
902-951,90220,95112,LAX,SFO,228.03,R&L Carriers,191.0,-16.24
902-956,90255,95624,LAX,SMF,233.37,R&L Carriers,175.0,-25.01
902-958,90248,95828,LAX,SMF,210.87,Forward,172.0,-18.43
902-980,90220,98032,LAX,SEA,311.26,Forward,230.0,-26.11
906-070,90660,07072,LAX,EWR,374.19,Forward,414.0,10.64
906-088,90660,08817,LAX,EWR,410.6,XPO,393.0,-4.29
906-113,90670,11378,LAX,JFK,578.0,ABF Freight,421.0,-27.16
906-221,90660,22191,LAX,IAD,523.4,XPO,318.8,-39.09
906-300,90670,30093,LAX,ATL,374.79,XPO,316.8,-15.47
906-302,90660,30213,LAX,ATL,374.79,XPO,313.8,-16.27
906-328,90670,32824,LAX,MCO,319.24,XPO,309.8,-2.96
906-330,90670,33055,LAX,MIA,346.82,XPO,310.2,-10.56
906-331,90670,33178,LAX,MIA,338.3,XPO,328.2,-2.98
906-333,90670,33317,LAX,MIA,319.49,XPO,323.2,1.16
906-334,90660,33487,LAX,MIA,320.13,XPO,349.2,9.08
906-342,90670,34239,LAX,TPA,315.52,XPO,363.2,15.11
906-372,90660,37207,LAX,BNA,309.31,XPO,323.8,4.69
906-462,90660,46268,LAX,IND,285.41,XPO,272.84,-4.4
906-600,90670,60007,LAX,ORD,274.91,XPO,252.24,-8.25
906-601,90670,60188,LAX,ORD,273.45,XPO,259.24,-5.2
906-605,90660,60502,LAX,ORD,325.26,Forward,273.24,-15.99
906-704,90660,70403,LAX,MSY,348.64,XPO,339.0,-2.76
906-750,90660,75074,LAX,DFW,281.73,XPO,326.0,15.71
906-752,90670,75234,LAX,DFW,282.27,XPO,308.0,9.11
906-761,90660,76119,LAX,DFW,316.8,XPO,313.0,-1.2
906-770,90660,77036,LAX,IAH,231.74,XPO,305.0,31.62
906-774,90670,77477,LAX,IAH,232.11,XPO,317.0,36.57
906-782,90660,78219,LAX,SAT,303.1,XPO,293.0,-3.33
906-799,90660,79924,LAX,ELP,261.54,FedEx Economy,395.4,51.18
906-802,90660,80239,LAX,DEN,274.97,Forward,254.0,-7.63
906-840,90670,84020,LAX,SLC,263.94,Forward,214.0,-18.92
906-841,90670,84116,LAX,SLC,253.77,XPO,192.0,-24.34
906-850,90670,85031,LAX,PHX,203.07,Forward,190.0,-6.44
906-852,90670,85282,LAX,PHX,203.07,Forward,209.0,2.92
906-891,90670,89118,LAX,LAS,201.35,Forward,176.0,-12.59
906-900,90670,90040,LAX,LAX,178.33,XPO,91.0,-48.97
906-902,90670,90220,LAX,LAX,178.32,XPO,96.0,-46.16
906-917,90670,91730,LAX,LAX,109.15,GlovaLink,118.0,8.11
906-920,90670,92064,LAX,SAN,187.82,XPO,148.0,-21.2
906-921,90670,92154,LAX,SAN,159.01,Forward,180.0,13.2
906-923,90670,92337,LAX,LAX,197.05,Forward,124.0,-37.07
906-925,90621,92551,LAX,LAX,188.1,XPO,144.0,-23.44
906-945,90670,94545,LAX,SFO,231.47,R&L Carriers,182.0,-21.37
906-958,90660,95828,LAX,SMF,233.37,R&L Carriers,169.0,-27.58
906-980,90670,98002,LAX,SEA,314.58,R&L Carriers,227.0,-27.84
906-984,90660,98499,LAX,SEA,313.63,R&L Carriers,234.0,-25.39
907-113,90745,11378,LAX,JFK,602.3,Forward,425.0,-29.44
907-331,90746,33178,LAX,MIA,389.83,XPO,328.2,-15.81
907-770,90745,77055,LAX,IAH,270.86,XPO,300.0,10.76
907-902,90740,90221,LAX,LAX,178.59,XPO,104.0,-41.77
907-917,90745,91730,LAX,LAX,171.18,XPO,122.0,-28.73
908-917,90810,91730,LAX,LAX,184.37,XPO,123.0,-33.29
908-928,90810,92804,LAX,LAX,188.1,XPO,109.0,-42.05
913-331,91355,33178,LAX,MIA,425.89,XPO,346.2,-18.71
913-902,91355,90220,LAX,LAX,173.81,XPO,114.0,-34.41
913-917,91306,91730,LAX,LAX,179.76,XPO,129.0,-28.24
917-070,91761,07002,LAX,EWR,484.46,R&L Carriers,435.0,-10.21
917-076,91761,07647,LAX,EWR,492.13,FedEx Economy,454.0,-7.75
917-077,91702,07762,LAX,EWR,359.62,XPO,439.0,22.07
917-080,91748,08016,LAX,PHL,407.22,ABF Freight,436.0,7.07
917-085,91748,08512,LAX,EWR,407.48,ABF Freight,415.0,1.85
917-087,91789,08701,LAX,EWR,409.75,ABF Freight,434.0,5.92
917-088,91708,08812,LAX,EWR,388.99,XPO,412.0,5.92
917-100,91761,10001,LAX,JFK,572.68,ABF Freight,440.0,-23.17
917-105,91748,10509,LAX,SWF,498.02,ABF Freight,480.0,-3.62
917-112,91710,11220,LAX,JFK,638.06,FedEx Economy,438.0,-31.35
917-113,91761,11378,LAX,JFK,573.99,ABF Freight,444.0,-22.65
917-114,91748,11423,LAX,JFK,556.48,ABF Freight,447.0,-19.67
917-115,91761,11590,LAX,JFK,558.9,FedEx Economy,471.0,-15.73
917-117,91761,11735,LAX,JFK,556.83,FedEx Economy,480.0,-13.8
917-180,91761,18064,LAX,ABE,393.81,XPO,450.0,14.27
917-190,91706,19020,LAX,PHL,361.0,XPO,433.0,19.94
917-191,91752,19154,LAX,PHL,353.99,XPO,457.0,29.1
917-197,91761,19720,LAX,PHL,330.48,XPO,502.0,51.9
917-201,91752,20166,LAX,IAD,398.39,XPO,348.8,-12.45
917-207,91748,20721,LAX,BWI,335.15,XPO,360.4,7.53
917-208,91761,20852,LAX,BWI,317.03,XPO,385.4,21.57
917-210,91748,21093,LAX,BWI,345.78,XPO,370.4,7.12
917-212,91761,21206,LAX,BWI,306.02,XPO,365.4,19.4
917-221,91761,22191,LAX,IAD,412.93,XPO,344.8,-16.5
917-272,91761,27260,LAX,GSO,310.15,XPO,351.44,13.31
917-275,91752,27524,LAX,RDU,369.57,XPO,415.44,12.41
917-280,91733,28027,LAX,CLT,342.23,XPO,334.44,-2.28
917-281,91789,28134,LAX,CLT,289.68,XPO,311.44,7.51
917-282,91752,28214,LAX,CLT,359.83,XPO,338.44,-5.95
917-283,91710,28310,LAX,RDU,373.71,XPO,419.44,12.24
917-296,91752,29651,LAX,GSP,341.89,Forward,323.44,-5.4
917-300,91752,30043,LAX,ATL,285.22,XPO,353.8,24.04
917-301,91710,30168,LAX,ATL,325.33,XPO,335.8,3.22
917-302,91761,30213,LAX,ATL,310.34,XPO,339.8,9.49
917-303,91762,30336,LAX,ATL,276.33,XPO,334.8,21.16
917-305,91761,30518,LAX,ATL,325.25,XPO,349.8,7.55
917-321,91710,32114,LAX,MCO,359.32,XPO,392.8,9.32
917-327,91789,32750,LAX,MCO,359.32,XPO,338.8,-5.71
917-328,91761,32824,LAX,MCO,358.6,XPO,332.8,-7.2
917-329,91761,32904,LAX,MCO,359.32,XPO,393.8,9.6
917-330,91761,33014,LAX,MIA,323.53,XPO,338.2,4.53
917-331,91761,33178,LAX,MIA,347.47,XPO,351.2,1.07
917-333,91761,33317,LAX,MIA,345.14,XPO,346.2,0.31
917-334,91761,33432,LAX,MIA,323.54,XPO,370.2,14.42
917-335,91761,33556,LAX,TPA,324.17,XPO,364.2,12.35
917-336,91710,33634,LAX,TPA,387.34,XPO,348.2,-10.1
917-337,91761,33777,LAX,TPA,394.27,XPO,362.2,-8.13
917-338,91761,33823,LAX,MCO,373.81,XPO,376.2,0.64
917-339,91761,33913,LAX,TPA,335.73,XPO,459.2,36.78
917-341,91761,34104,LAX,TPA,364.82,XPO,478.2,31.08
917-342,91761,34229,LAX,TPA,329.57,XPO,392.2,19.0
917-344,91761,34450,LAX,TPA,367.19,XPO,402.2,9.53
917-346,91761,34602,LAX,TPA,345.57,XPO,377.2,9.15
917-347,91761,34711,LAX,MCO,362.51,XPO,358.8,-1.02
917-349,91761,34953,LAX,MIA,357.82,XPO,438.2,22.46
917-370,91746,37067,LAX,BNA,292.0,XPO,328.8,12.6
917-372,91761,37207,LAX,BNA,279.03,XPO,349.8,25.36
917-381,91748,38118,LAX,MEM,289.03,XPO,319.8,10.64
917-402,91761,40229,LAX,SDF,289.25,XPO,300.24,3.8
917-410,91761,41048,LAX,CVG,287.47,XPO,300.24,4.44
917-430,91761,43074,LAX,CMH,313.27,XPO,352.84,12.63
917-431,91710,43123,LAX,CMH,313.58,XPO,301.84,-3.74
917-432,91761,43228,LAX,CMH,300.61,XPO,301.84,0.41
917-450,91748,45069,LAX,CVG,291.51,XPO,295.24,1.28
917-452,91761,45215,LAX,CVG,301.97,XPO,310.24,2.74
917-460,91761,46060,LAX,IND,256.81,XPO,308.84,20.26
917-461,91761,46168,LAX,IND,259.13,XPO,308.84,19.18
917-462,91748,46268,LAX,IND,248.65,XPO,283.84,14.15
917-530,91748,53080,LAX,MKE,285.23,XPO,355.4,24.6
917-531,91761,53186,LAX,MKE,282.38,XPO,360.4,27.63
917-532,91730,53219,LAX,MKE,270.19,XPO,360.4,33.39
917-550,91761,55044,LAX,MSP,260.66,XPO,385.4,47.85
917-551,91748,55113,LAX,MSP,308.32,XPO,361.4,17.22
917-553,91761,55379,LAX,MSP,291.94,XPO,390.4,33.72
917-554,91752,55445,LAX,MSP,294.51,XPO,399.4,35.61
917-600,91761,60007,LAX,ORD,289.51,XPO,275.24,-4.93
917-601,91745,60144,LAX,ORD,265.04,XPO,297.24,12.15
917-604,91710,60440,LAX,ORD,238.85,XPO,292.24,22.35
917-605,91761,60502,LAX,ORD,262.96,XPO,299.24,13.8
917-606,91761,60632,LAX,ORD,259.66,XPO,290.24,11.78
917-700,91761,70037,LAX,MSY,390.34,FedEx Economy,365.0,-6.49
917-704,91748,70403,LAX,MSY,400.48,FedEx Economy,350.0,-12.6
917-705,91761,70508,LAX,LFT,378.26,FedEx Economy,365.0,-3.51
917-750,91761,75074,LAX,DFW,274.98,XPO,352.0,28.01
917-751,91748,75181,LAX,DFW,274.98,XPO,342.0,24.37
917-752,91748,75241,LAX,DFW,274.98,XPO,331.0,20.37
917-760,91761,76051,LAX,DFW,285.78,XPO,328.0,14.77
917-761,91761,76119,LAX,DFW,285.78,XPO,339.0,18.62
917-762,91761,76266,LAX,DFW,295.33,XPO,374.0,26.64
917-770,91752,77041,LAX,IAH,250.33,XPO,339.0,35.42
917-773,91710,77382,LAX,IAH,276.2,XPO,363.0,31.43
917-774,91761,77449,LAX,IAH,237.74,XPO,345.0,45.12
917-775,91761,77523,LAX,IAH,266.91,XPO,378.0,41.62
917-781,91761,78130,LAX,SAT,286.33,XPO,354.0,23.63
917-782,91789,78219,LAX,SAT,285.78,XPO,306.0,7.08
917-786,91730,78610,LAX,AUS,285.78,XPO,347.0,21.42
917-787,91761,78754,LAX,AUS,285.78,XPO,347.0,21.42
917-799,91748,79924,LAX,ELP,233.6,Forward,406.4,73.97
917-800,91761,80011,LAX,DEN,269.58,XPO,280.0,3.86
917-801,91761,80110,LAX,DEN,275.24,XPO,290.0,5.36
917-802,91752,80239,LAX,DEN,297.68,XPO,284.0,-4.6
917-834,91761,83440,LAX,SLC,321.86,FedEx Economy,504.0,56.59
917-836,91761,83642,LAX,SLC,284.02,FedEx Economy,255.0,-10.22
917-837,91748,83709,LAX,SLC,284.02,FedEx Economy,240.0,-15.5
917-838,91762,83860,LAX,SEA,351.2,XPO,770.0,119.25
917-840,91761,84043,LAX,SLC,260.58,FedEx Economy,244.0,-6.36
917-841,91761,84104,LAX,SLC,260.58,FedEx Economy,223.0,-14.42
917-843,91761,84341,LAX,SLC,261.65,R&L Carriers,321.0,22.68
917-844,91710,84404,LAX,SLC,260.87,R&L Carriers,269.0,3.12
917-846,91761,84660,LAX,SLC,260.58,FedEx Economy,215.0,-17.49
917-847,91761,84770,LAX,SLC,223.83,FedEx Economy,255.0,13.93
917-850,91761,85043,LAX,PHX,218.87,R&L Carriers,208.0,-4.97
917-851,91761,85142,LAX,PHX,221.71,XPO,265.0,19.53
917-852,91748,85254,LAX,PHX,218.87,R&L Carriers,222.0,1.43
917-853,91761,85395,LAX,PHX,218.87,R&L Carriers,213.0,-2.68
917-856,91761,85621,LAX,TUS,230.1,XPO,437.0,89.92
917-857,91748,85706,LAX,TUS,219.86,XPO,351.0,59.65
917-890,91761,89011,LAX,LAS,197.04,Forward,209.0,6.07
917-891,91761,89118,LAX,LAS,197.04,Forward,199.0,0.99
917-894,91748,89431,LAX,SMF,231.3,Oak Harbor Freight,372.0,60.83
917-895,91761,89521,LAX,SMF,231.3,Oak Harbor Freight,399.0,72.51
917-900,91752,90040,LAX,LAX,172.99,Forward,118.0,-31.79
917-902,91761,90220,LAX,LAX,185.1,Forward,119.0,-35.71
917-906,91761,90670,LAX,LAX,175.5,XPO,119.0,-32.19
917-907,91761,90723,LAX,LAX,157.39,Forward,119.0,-24.39
917-913,91761,91311,LAX,LAX,181.16,XPO,134.0,-26.03
917-917,91761,91730,LAX,LAX,179.5,XPO,141.0,-21.45
917-919,91761,91911,LAX,SAN,180.19,XPO,189.0,4.89
917-920,91761,92064,LAX,SAN,166.1,Forward,171.0,2.95
917-921,91761,92154,LAX,SAN,164.67,Forward,203.0,23.28
917-922,91761,92211,LAX,LAX,211.44,Oak Harbor Freight,206.0,-2.57
917-923,91761,92337,LAX,LAX,178.33,XPO,147.0,-17.57
917-925,91761,92571,LAX,LAX,178.33,XPO,165.0,-7.48
917-926,91761,92627,LAX,LAX,178.33,XPO,138.0,-22.62
917-927,91761,92705,LAX,LAX,178.59,XPO,137.0,-23.29
917-928,91761,92879,LAX,LAX,178.33,XPO,149.0,-16.45
917-930,91761,93012,LAX,LAX,203.24,XPO,149.0,-26.69
917-935,91761,93535,LAX,LAX,218.01,XPO,173.0,-20.65
917-940,91761,94080,LAX,SFO,224.23,R&L Carriers,215.0,-4.12
917-941,91761,94107,LAX,SFO,260.77,R&L Carriers,215.0,-17.55
917-945,91761,94544,LAX,SFO,231.47,R&L Carriers,205.0,-11.44
917-946,91761,94607,LAX,SFO,232.05,R&L Carriers,205.0,-11.66
917-950,91748,95050,LAX,SFO,226.13,XPO,200.0,-11.56
917-951,91761,95116,LAX,SFO,211.57,XPO,215.0,1.62
917-952,91761,95206,LAX,SMF,212.39,XPO,220.0,3.58
917-956,91761,95688,LAX,SMF,214.87,XPO,205.0,-4.59
917-957,91748,95742,LAX,SMF,215.91,Forward,190.0,-12.0
917-958,91752,95828,LAX,SMF,228.01,XPO,199.0,-12.72
917-970,91761,97062,LAX,PDX,300.83,R&L Carriers,264.0,-12.24
917-971,91761,97132,LAX,PDX,327.95,XPO,279.0,-14.93
917-972,91766,97218,LAX,PDX,300.83,R&L Carriers,252.0,-16.23
917-973,91761,97305,LAX,PDX,300.83,R&L Carriers,301.0,0.05
917-980,91752,98002,LAX,SEA,313.42,Forward,254.0,-18.96
917-981,91761,98134,LAX,SEA,313.42,Forward,279.0,-10.98
917-982,91761,98248,LAX,SEA,363.19,XPO,429.0,18.12
917-983,91761,98391,LAX,SEA,313.62,Forward,260.0,-17.1
917-984,91761,98499,LAX,SEA,313.42,Forward,260.0,-17.04
917-985,91761,98516,LAX,SEA,300.63,R&L Carriers,270.0,-10.19
917-986,91761,98682,LAX,PDX,270.29,Forward,260.0,-3.81
920-331,92014,33178,SAN,MIA,446.74,XPO,457.2,2.34
920-902,92081,90221,SAN,LAX,182.31,XPO,193.0,5.87
921-088,92154,08831,SAN,EWR,399.56,XPO,583.0,45.91
921-331,92154,33133,SAN,MIA,436.5,XPO,507.2,16.2
921-336,92154,33603,SAN,TPA,360.88,XPO,497.2,37.78
921-373,92154,37321,SAN,TYS,309.51,XPO,504.2,62.9
921-532,92154,53219,SAN,MKE,288.19,XPO,513.4,78.15
921-900,92123,90001,SAN,LAX,182.15,XPO,214.0,17.49
921-902,92154,90220,SAN,LAX,184.4,XPO,252.0,36.66
921-917,92126,91730,SAN,LAX,197.05,Forward,238.0,20.78
921-921,92154,92154,SAN,SAN,185.72,XPO,266.0,43.23
923-070,92337,07064,LAX,EWR,484.46,R&L Carriers,431.0,-11.03
923-088,92345,08831,LAX,EWR,391.46,XPO,463.0,18.27
923-100,92337,10014,LAX,JFK,584.69,FedEx Economy,444.0,-24.06
923-112,92337,11234,LAX,JFK,640.49,FedEx Economy,454.0,-29.12
923-113,92374,11378,LAX,JFK,547.51,ABF Freight,464.0,-15.25
923-190,92337,19020,LAX,PHL,306.88,XPO,457.0,48.92
923-191,92337,19154,LAX,PHL,276.22,XPO,459.0,66.17
923-221,92374,22191,LAX,IAD,503.93,XPO,364.8,-27.61
923-281,92337,28134,LAX,CLT,412.37,FedEx Economy,330.44,-19.87
923-282,92337,28262,LAX,CLT,335.84,XPO,353.44,5.24
923-300,92345,30043,LAX,ATL,334.27,XPO,382.8,14.52
923-302,92374,30213,LAX,ATL,340.39,XPO,359.8,5.7
923-328,92374,32824,LAX,MCO,389.51,XPO,352.8,-9.42
923-330,92337,33014,LAX,MIA,456.16,XPO,344.2,-24.54
923-331,92337,33178,LAX,MIA,424.38,XPO,357.2,-15.83
923-357,92374,35758,LAX,HSV,325.85,XPO,361.2,10.85
923-372,92374,37207,LAX,BNA,277.93,XPO,369.8,33.05
923-402,92374,40229,LAX,SDF,317.12,XPO,320.24,0.98
923-430,92337,43081,LAX,CMH,290.39,XPO,338.84,16.68
923-462,92374,46268,LAX,IND,268.11,XPO,318.84,18.92
923-600,92337,60010,LAX,ORD,264.56,XPO,300.24,13.49
923-601,92335,60191,LAX,ORD,259.42,XPO,274.24,5.71
923-704,92374,70403,LAX,MSY,297.74,XPO,385.0,29.31
923-750,92374,75074,LAX,DFW,288.63,XPO,372.0,28.89
923-752,92337,75244,LAX,DFW,266.21,XPO,339.0,27.34
923-761,92374,76119,LAX,DFW,244.8,XPO,359.0,46.65
923-770,92345,77055,LAX,IAH,238.85,XPO,352.0,47.37
923-774,92337,77493,LAX,IAH,251.44,XPO,362.0,43.97
923-782,92374,78219,LAX,SAT,314.15,XPO,339.0,7.91
923-799,92337,79928,LAX,ELP,246.67,FedEx Economy,410.4,66.38
923-802,92345,80239,LAX,DEN,303.9,XPO,313.0,2.99
923-840,92337,84043,LAX,SLC,248.69,Forward,250.0,0.53
923-841,92337,84119,LAX,SLC,245.17,Forward,227.0,-7.41
923-850,92337,85001,LAX,PHX,216.3,XPO,223.0,3.1
923-852,92337,85286,LAX,PHX,216.29,XPO,254.0,17.43
923-853,92335,85301,LAX,PHX,219.41,R&L Carriers,223.0,1.64
923-890,92337,89011,LAX,LAS,197.04,Forward,215.0,9.11
923-891,92335,89118,LAX,LAS,197.04,Forward,205.0,4.04
923-900,92345,90040,LAX,LAX,182.31,XPO,147.0,-19.37
923-902,92337,90220,LAX,LAX,181.88,XPO,125.0,-31.27
923-913,92337,91320,LAX,LAX,215.7,XPO,153.0,-29.07
923-917,92374,91730,LAX,LAX,109.15,GlovaLink,161.0,47.51
923-920,92374,92064,LAX,SAN,192.99,XPO,191.0,-1.03
923-921,92337,92154,LAX,SAN,216.3,R&L Carriers,209.0,-3.38
923-923,92337,92337,LAX,LAX,142.46,Forward,153.0,7.4
923-925,92337,92530,LAX,LAX,149.94,Forward,176.0,17.38
923-926,92337,92618,LAX,LAX,192.33,XPO,147.0,-23.57
923-928,92337,92879,LAX,LAX,206.39,XPO,155.0,-24.9
923-945,92311,94533,LAX,SMF,262.27,XPO,288.0,9.81
923-956,92337,95677,LAX,SMF,203.89,Forward,201.0,-1.42
923-958,92345,95828,LAX,SMF,233.61,XPO,228.0,-2.4
923-980,92337,98072,LAX,SEA,327.26,R&L Carriers,306.0,-6.5
923-981,92337,98103,LAX,SEA,314.58,R&L Carriers,296.0,-5.91
923-982,92337,98272,LAX,SEA,353.37,FedEx Economy,328.0,-7.18
923-983,92337,98338,LAX,SEA,397.62,R&L Carriers,286.0,-28.07
923-984,92374,98499,LAX,SEA,313.63,R&L Carriers,280.0,-10.72
923-986,92337,98682,LAX,PDX,267.04,XPO,266.0,-0.39
925-113,92507,11378,LAX,JFK,651.21,Forward,459.0,-29.52
925-331,92509,33177,LAX,MIA,306.83,XPO,373.2,21.63
925-850,92551,85043,LAX,PHX,216.64,XPO,231.0,6.63
925-853,92551,85353,LAX,PHX,216.64,XPO,228.0,5.25
925-891,92571,89120,LAX,LAS,199.33,Forward,223.0,11.88
925-900,92571,90040,LAX,LAX,186.66,XPO,139.0,-25.53
925-902,92551,90221,LAX,LAX,193.78,XPO,140.0,-27.75
925-917,92507,91730,LAX,LAX,186.5,Forward,156.0,-16.35
925-923,92551,92376,LAX,LAX,197.03,Oak Harbor Freight,175.0,-11.18
925-925,92551,92590,LAX,LAX,199.78,Oak Harbor Freight,205.0,2.61
925-945,92571,94561,LAX,SFO,246.66,XPO,245.0,-0.67
925-958,92551,95834,LAX,SMF,233.21,XPO,218.0,-6.52
926-076,92630,07624,LAX,EWR,392.17,Forward,456.0,16.28
926-331,92618,33182,LAX,MIA,403.71,XPO,352.2,-12.76
926-900,92618,90040,LAX,LAX,182.15,XPO,114.0,-37.41
926-902,92647,90221,LAX,LAX,187.72,XPO,107.0,-43.0
926-917,92618,91730,LAX,LAX,193.93,XPO,141.0,-27.29
926-926,92646,92648,LAX,LAX,188.83,Oak Harbor Freight,129.0,-31.68
927-331,92780,33166,LAX,MIA,375.92,XPO,339.2,-9.77
927-902,92704,90220,LAX,LAX,188.39,XPO,112.0,-40.55
928-070,92807,07047,LAX,EWR,381.44,Forward,432.0,13.25
928-331,92878,33142,LAX,MIA,434.92,XPO,350.2,-19.48
928-750,92801,75074,LAX,DFW,277.14,XPO,336.0,21.24
928-770,92870,77036,LAX,IAH,266.38,XPO,321.0,20.5
928-802,92806,80239,LAX,DEN,320.86,Forward,269.0,-16.16
928-840,92841,84088,LAX,SLC,270.59,Forward,217.0,-19.81
928-844,92835,84404,LAX,SLC,261.65,R&L Carriers,259.0,-1.01
928-850,92831,85017,LAX,PHX,216.64,XPO,207.0,-4.45
928-852,92835,85282,LAX,PHX,216.29,XPO,218.0,0.79
928-891,92806,89118,LAX,LAS,210.37,XPO,188.0,-10.63
928-900,92831,90058,LAX,LAX,181.88,XPO,99.0,-45.57
928-902,92841,90221,LAX,LAX,181.88,XPO,104.0,-42.82
928-917,92831,91731,LAX,LAX,178.33,XPO,107.0,-40.0
928-921,92841,92154,LAX,SAN,142.46,Forward,190.0,33.37
928-923,92880,92337,LAX,LAX,186.5,Forward,152.0,-18.5
928-945,92831,94580,LAX,SFO,222.58,XPO,193.0,-13.29
928-956,92831,95610,LAX,SMF,229.62,Forward,183.0,-20.3
928-958,92831,95834,LAX,SMF,211.02,XPO,183.0,-13.28
928-972,92805,97210,LAX,PDX,302.55,XPO,242.0,-20.01
928-980,92878,98032,LAX,SEA,314.58,R&L Carriers,259.0,-17.67
930-902,93012,90220,LAX,LAX,183.34,XPO,127.0,-30.73
930-917,93010,91730,LAX,LAX,179.31,Forward,154.0,-14.12
944-941,94403,94107,SFO,SFO,219.98,Forward,140.0,-36.36
945-770,94538,77055,SFO,IAH,310.66,XPO,357.0,14.92
945-900,94538,90040,SFO,LAX,209.51,XPO,169.0,-19.34
945-902,94577,90221,SFO,LAX,209.19,XPO,172.0,-17.78
945-917,94560,91730,SFO,LAX,214.41,Oak Harbor Freight,206.0,-3.92
945-940,94560,94005,SFO,SFO,219.03,Forward,140.0,-36.08
945-941,94577,94107,SFO,SFO,218.36,Forward,130.0,-40.46
945-945,94577,94538,SFO,SFO,204.75,XPO,120.0,-41.39
945-950,94577,95035,SFO,SFO,211.1,XPO,130.0,-38.42
945-951,94577,95131,SFO,SFO,191.67,XPO,130.0,-32.17
945-956,94577,95624,SFO,SMF,213.36,XPO,280.0,31.23
945-958,94538,95828,SFO,SMF,191.67,XPO,270.0,40.87
945-972,94577,97230,SFO,PDX,245.05,XPO,226.0,-7.77
945-980,94545,98032,SFO,SEA,250.94,Forward,229.0,-8.74
945-981,94545,98188,SFO,SEA,272.97,R&L Carriers,238.0,-12.81
945-982,94501,98273,SFO,SEA,313.93,FedEx Economy,361.0,14.99
950-750,95002,75001,SFO,DFW,340.97,Forward,384.0,12.62
970-980,97062,98001,PDX,SEA,149.99,Peninsula Trucklines Inc.,186.0,24.01
980-980,98032,98001,SEA,SEA,150.22,Peninsula Trucklines Inc.,112.0,-25.44
