Origin 3-Digit,Dest 3-Digit,Origin Zip,Dest Zip,Lane Volume,Warp Rate,Cheapest Non-Warp Rate,Cheapest Non-Warp Carrier
606,941,60606,94103,12589,$442.59,$445.43,WARD Trucking
917,917,91761,91730,8404,$144.73,$125.52,GlovaLink
950,750,95002,75001,8120,$491.99,$388.8,Mountain Valley Express
331,331,33166,33182,6490,$133.52,$152.45,AAA COOPER TRANSPORTATION
906,917,90670,91730,6016,$130.94,$125.52,GlovaLink
930,917,93010,91730,5485,$144.55,$156.24,GlovaLink
770,770,77041,77020,3964,$130.64,$140.22,Vocar Transportation
917,331,91761,33178,3953,$406.48,$448.04,XPO Logistics
86,917,8638,91730,3860,$558.48,$423.11,STG LTL formerly Frontline Freight
601,605,60118,60502,3675,$130.64,$121.8,TAX AIRFREIGHT
917,900,91752,90040,3553,$139.63,$125.52,GlovaLink
770,331,77041,33182,3340,$238.14,$372.56,Forward
917,770,91752,77055,3329,$408.5,$320.89,XPO Logistics
917,945,91761,94538,3175,$272.19,$282.06,AAA COOPER TRANSPORTATION
917,891,91752,89120,3166,$265.88,$203.58,Mountain Valley Express
917,750,91748,75074,3133,$396.4,$354.54,XPO Logistics
900,917,90058,91730,2904,$138.44,$125.52,GlovaLink
917,840,91761,84043,2655,$300.94,$311.59,AAA COOPER TRANSPORTATION
70,70,7094,7094,2582,$130.64,$167.21,JP Express
330,331,33025,33178,2464,$126.02,$152.45,AAA COOPER TRANSPORTATION
917,852,91748,85254,2457,$236.64,$231.08,Mountain Valley Express
917,980,91752,98002,2336,$261.85,$426.8,Forward Air
774,750,77477,75006,2316,$198.99,$164.94,SOUTHWESTERN MOTOR TRANSPORT INC
917,850,91752,85031,2278,$245.63,$231.08,Mountain Valley Express
917,88,91752,8831,2268,$454.86,$474.95,STG LTL formerly Frontline Freight
770,750,77064,75002,2215,$188.44,$161.15,SOUTHWESTERN MOTOR TRANSPORT INC
601,601,60185,60185,2196,$130.64,$121.8,TAX AIRFREIGHT
917,300,91752,30043,2164,$403.75,$367.76,XPO Logistics
70,331,7026,33178,2138,$268.04,$315.42,Forward
86,333,8638,33317,2011,$287.96,$271.01,Specialized Freight Carriers
917,921,91761,92154,1944,,$156.24,GlovaLink
601,331,60123,33178,1938,$238.14,$275.02,Forward
917,920,91761,92064,1937,,$156.24,GlovaLink
917,605,91761,60502,1919,$325.89,$339.04,XPO Logistics
917,601,91745,60144,1849,$312.4,$341.71,XPO Logistics
917,958,91752,95828,1844,$270.5,$266.29,Mountain Valley Express
761,331,76140,33166,1839,$238.14,$398.1,Forward Air
917,841,91761,84104,1836,$294.81,$298.4,AAA COOPER TRANSPORTATION
917,761,91748,76119,1812,$394.89,$367.61,Forward
917,774,91761,77449,1746,$410.19,$302.45,XPO Logistics
917,70,91761,7047,1742,$453.53,$474.95,STG LTL formerly Frontline Freight
604,601,60446,60106,1716,$136.87,$121.8,TAX AIRFREIGHT
923,917,92337,91730,1697,$144.55,$125.52,GlovaLink
606,331,60601,33132,1657,$238.14,$428.18,WARD Trucking
917,923,91761,92337,1639,$148.39,$125.52,GlovaLink
750,770,75041,77036,1635,$238.99,$159.52,SOUTHWESTERN MOTOR TRANSPORT INC
601,600,60185,60090,1634,$130.64,$121.8,TAX AIRFREIGHT
923,900,92345,90040,1621,$179.72,$188.46,Mountain Valley Express
906,333,90670,33317,1617,$398.82,$411.95,XPO Logistics
917,802,91761,80239,1609,$320.34,$383.82,XPO Logistics
917,902,91710,90221,1588,$139.81,$125.52,GlovaLink
917,328,91748,32824,1568,$385.22,$397.63,Forward
917,330,91761,33014,1565,$406.48,$417.17,XPO Logistics
300,331,30004,33182,1565,$248.99,$238.93,AAA COOPER TRANSPORTATION
600,331,60007,33182,1527,$245.64,$346.3,Forward Air
923,923,92337,92337,1520,$148.21,$125.52,GlovaLink
917,333,91761,33317,1517,$412.61,$445.06,XPO Logistics
900,900,90045,90045,1515,$133.52,$125.52,GlovaLink
331,940,33122,94043,1492,$501.07,$481.13,STG LTL formerly Frontline Freight
891,917,89115,91730,1480,$260.66,$196.52,Mountain Valley Express
923,331,92337,33178,1446,$406.3,$474.95,STG LTL formerly Frontline Freight
917,925,91761,92571,1426,$160.21,$125.52,GlovaLink
917,752,91748,75241,1395,$394.89,$354.54,XPO Logistics
900,331,90015,33166,1375,$400.19,$474.95,STG LTL formerly Frontline Freight
917,913,91761,91311,1364,$145.94,$125.52,GlovaLink
88,88,8810,8831,1360,$143,$167.21,JP Express
88,70,8837,7047,1324,$138.14,$167.21,JP Express
331,900,33122,90010,1306,$394.78,$410.08,STG LTL formerly Frontline Freight
902,917,90220,91730,1298,$138.44,$125.52,GlovaLink
917,853,91761,85326,1288,$250.73,$245.51,TOTAL TRANSPORTATION DISTRIBUTION
338,331,33811,33166,1284,$214.56,$157.94,Specialized Freight Carriers
297,902,29707,90210,1281,$363.36,$491.81,XPO Logistics
770,782,77029,78219,1260,$223.52,$164.83,SOUTHWESTERN MOTOR TRANSPORT INC
917,782,91748,78219,1257,$390.27,$368.46,XPO Logistics
900,850,90058,85043,1248,$239.52,$228.66,Forward
917,926,91761,92627,1222,$144.73,$125.52,GlovaLink
70,112,7072,11232,1216,$130.64,$167.21,JP Express
750,774,75006,77477,1216,$229.65,$159.52,SOUTHWESTERN MOTOR TRANSPORT INC
906,900,90670,90040,1203,$126.02,$125.52,GlovaLink
88,331,8817,33172,1202,$268.04,$271.01,Specialized Freight Carriers
302,331,30297,33178,1190,$238.14,$269.87,AAA COOPER TRANSPORTATION
774,331,77494,33182,1179,$251.93,$385.88,AAA COOPER TRANSPORTATION
917,972,91752,97230,1175,$261.85,$335.26,Forward
906,331,90670,33166,1175,$392.69,$436.24,XPO Logistics
917,981,91761,98134,1173,$266.65,$358.94,Forward
70,88,7026,8831,1154,$132.15,$167.21,JP Express
770,752,77029,75212,1146,$183.52,$164.94,SOUTHWESTERN MOTOR TRANSPORT INC
328,331,32809,33182,1146,$200.79,$157.94,Specialized Freight Carriers
70,100,7036,10007,1145,$138.14,$251.21,JP Express
86,761,8638,76119,1133,$278.98,$318.41,XPO Logistics
917,951,91748,95131,1125,$257.19,$264.05,XPO Logistics
770,775,77029,77598,1119,$132.15,$192.67,AAA COOPER TRANSPORTATION
917,462,91748,46219,1118,$342.0,$318.46,XPO Logistics
70,117,7036,11779,1110,$153.92,$167.21,JP Express
88,112,8817,11214,1104,$130.64,$167.21,JP Express
917,907,91761,90706,1103,$144.43,$125.52,GlovaLink
334,331,33401,33182,1102,$179.72,$157.94,Specialized Freight Carriers
917,606,91761,60616,1099,$325.89,$334.58,XPO Logistics
917,600,91761,60007,1093,$321.27,$373.3,XPO Logistics
917,928,91730,92806,1091,$145.94,$125.52,GlovaLink
906,605,90660,60502,1086,$319.6,$435.04,R&L Carriers
750,331,75063,33182,1081,$238.14,$356.24,Forward
917,604,91761,60490,1063,$327.4,$304.08,XPO Logistics
530,331,53022,33182,1052,$268.04,$362.84,XPO Logistics
531,331,53142,33122,1041,$278.89,$340.02,R&L Carriers
770,773,77029,77357,1040,$130.64,$140.22,Vocar Transportation
70,180,7094,18031,1039,$169.83,$167.21,JP Express
923,850,92337,85001,1021,$245.63,$231.08,Mountain Valley Express
70,917,7016,91730,1011,$552.19,$423.11,STG LTL formerly Frontline Freight
917,112,91761,11220,1006,$453.53,$544.39,STG LTL formerly Frontline Freight
600,600,60007,60007,1005,$133.52,$121.8,TAX AIRFREIGHT
799,331,79936,33126,998,$268.04,$242.02,AAA COOPER TRANSPORTATION
770,786,77029,78664,995,$223.52,$156.28,Vocar Transportation
945,945,94544,94544,985,$130.64,$168.3,Mountain Valley Express
917,334,91761,33442,984,$411.4,$417.17,XPO Logistics
917,890,91761,89011,984,$270.68,$203.58,Mountain Valley Express
272,917,27263,91730,980,$375.78,$391.86,STG LTL formerly Frontline Freight
917,117,91748,11735,977,$443.7,$548.09,STG LTL formerly Frontline Freight
770,917,77033,91730,954,$410.14,$370.2,XPO Logistics
917,956,91761,95688,952,$270.98,$263.14,Mountain Valley Express
906,750,90670,75001,946,$394.89,$363.24,XPO Logistics
333,331,33315,33178,942,$136.87,$157.94,Specialized Freight Carriers
917,940,91761,94080,940,$266.06,$273.34,Forward
600,601,60007,60101,939,$133.52,$121.8,TAX AIRFREIGHT
906,770,90670,77036,935,$394.89,$293.63,XPO Logistics
917,336,91752,33603,931,$406.3,$474.95,STG LTL formerly Frontline Freight
750,750,75050,75050,929,$133.52,$132.84,Vocar Transportation
917,786,91730,78610,927,$408.98,$368.46,XPO Logistics
770,774,77071,77477,922,$143,$140.22,Vocar Transportation
301,331,30144,33172,913,$238.14,$320.93,Forward
554,902,55414,90210,904,$442.62,$478.6,Forward Air
774,770,77477,77020,902,$141.49,$140.22,Vocar Transportation
906,945,90670,94545,901,$256.89,$283.5,AAA COOPER TRANSPORTATION
770,761,77047,76119,900,$198.99,$157.34,Forward Air
917,800,91761,80020,899,$320.34,$347.59,XPO Logistics
751,770,75134,77055,899,$228.14,$159.52,SOUTHWESTERN MOTOR TRANSPORT INC
917,113,91761,11378,893,$453.53,$544.39,STG LTL formerly Frontline Freight
923,958,92345,95828,891,$310.59,$266.29,Mountain Valley Express
900,180,90058,18031,888,$486.43,$477.07,STG LTL formerly Frontline Freight
902,902,90220,90220,887,$133.52,$125.52,GlovaLink
902,331,90220,33178,886,$400.19,$441.42,XPO Logistics
900,902,90040,90221,884,$133.52,$125.52,GlovaLink
917,302,91748,30213,881,$389.84,$400.16,XPO Logistics
86,113,8638,11378,864,$144.43,$167.21,JP Express
331,334,33178,33431,864,$142.1,$157.94,Specialized Freight Carriers
900,401,90058,40165,862,$356.97,$372.76,XPO Logistics
917,857,91752,85756,861,$318.51,$255.98,Mountain Valley Express
917,799,91748,79924,854,$421.25,$225.26,Forward
331,770,33126,77084,852,$257.74,$257.46,Forward Air
923,70,92337,7064,851,$448.73,$474.95,STG LTL formerly Frontline Freight
331,330,33142,33064,849,$138.44,$157.94,Specialized Freight Carriers
282,331,28273,33182,846,$238.17,$258.73,XPO Logistics
917,982,91761,98258,844,$270.61,$442.51,FedEx Economy
88,113,8810,11378,841,$141.49,$167.21,JP Express
906,891,90670,89118,832,$252.27,$203.58,Mountain Valley Express
331,328,33166,32824,831,$200.79,$157.94,Specialized Freight Carriers
917,773,91761,77375,828,$408.68,$356.12,XPO Logistics
925,917,92507,91730,828,$167.27,$125.52,GlovaLink
907,917,90745,91730,824,$130.94,$125.52,GlovaLink
88,201,8861,20166,814,$266.72,$240.12,XPO Logistics
917,846,91761,84660,809,$303.39,$336.9,FedEx Economy
775,770,77507,77020,805,$141.49,$140.22,Vocar Transportation
923,770,92345,77055,805,$448.59,$304.08,XPO Logistics
928,331,92806,33182,803,$403.54,$474.95,STG LTL formerly Frontline Freight
601,462,60172,46219,795,$197.94,$172.87,DAYTON FREIGHT LINES INC
917,970,91761,97062,792,$262.03,$417.41,Forward Air
917,760,91761,76051,792,$408.68,$368.46,XPO Logistics
601,606,60106,60639,786,$133.52,$121.8,TAX AIRFREIGHT
331,917,33147,91730,783,$399.7,$410.08,STG LTL formerly Frontline Freight
85,88,8520,8831,777,$143,$167.21,JP Express
917,787,91761,78744,776,$410.19,$368.46,XPO Logistics
601,604,60106,60446,774,$139.65,$121.8,TAX AIRFREIGHT
775,331,77507,33182,772,$248.99,$245.76,AAA COOPER TRANSPORTATION
88,117,8817,11735,763,$134.6,$167.21,JP Express
917,303,91761,30336,756,$399.01,$356.28,XPO Logistics
282,303,28202,30333,753,$199.45,$189.61,Forward
917,906,91761,90670,752,$144.43,$125.52,GlovaLink
923,891,92374,89109,752,$305.97,$203.58,Mountain Valley Express
917,554,91752,55445,744,$434.86,$379.74,XPO Logistics
917,984,91761,98499,743,$266.65,$426.8,Forward Air
917,201,91752,20166,743,$404.96,$513.73,XPO Logistics
770,787,77041,78758,741,$223.52,$156.28,Vocar Transportation
770,707,77029,70737,741,$309.6,$214.72,AAA COOPER TRANSPORTATION
902,850,90221,85043,740,$239.52,$231.08,Mountain Valley Express
282,282,28214,28214,739,$133.52,$161.16,Forward
906,902,90670,90220,737,$126.02,$125.52,GlovaLink
601,70,60191,7072,732,$235.31,$289.4,Ward Trucking
770,760,77064,76051,728,$188.14,$164.94,SOUTHWESTERN MOTOR TRANSPORT INC
605,601,60563,60106,727,$126.02,$121.8,TAX AIRFREIGHT
917,432,91748,43229,725,$357.38,$387.59,XPO Logistics
906,601,90670,60106,718,$307.48,$351.88,XPO Logistics
604,331,60446,33182,717,$248.99,$403.58,XPO Logistics
302,302,30297,30297,716,$130.64,$184.78,AAA COOPER TRANSPORTATION
117,331,11735,33178,710,$281.65,$280.68,Specialized Freight Carriers
917,836,91761,83642,708,$303.89,$366.72,XPO Logistics
900,945,90040,94577,707,$264.39,$239.58,Forward
902,900,90248,90040,707,$126.02,$125.52,GlovaLink
190,70,19057,7047,707,$144.25,$168.31,Forward
86,605,8638,60502,698,$241.6,$230.59,WARD Trucking
87,70,8701,7095,698,$139.81,$167.21,JP Express
917,80,91761,8075,696,$457.46,$474.95,STG LTL formerly Frontline Freight
87,532,8701,53233,696,$304.26,$283.28,R&L Carriers
70,113,7026,11378,692,$130.64,$167.21,JP Express
302,300,30252,30043,692,$144.73,$187.97,AAA COOPER TRANSPORTATION
906,221,90660,22191,691,$392.72,$482.87,STG LTL formerly Frontline Freight
303,331,30349,33182,690,$245.64,$264.34,AAA COOPER TRANSPORTATION
282,917,28206,91730,690,$375.78,$391.86,STG LTL formerly Frontline Freight
601,530,60185,53051,688,$265.19,$133.61,TAX AIRFREIGHT
752,281,75254,28105,688,$247.25,$294.08,AAA COOPER TRANSPORTATION
917,950,91761,95035,687,$270.98,$282.06,AAA COOPER TRANSPORTATION
330,328,33025,32824,686,$193.29,$157.94,Specialized Freight Carriers
906,300,90670,30093,685,$391.35,$443.71,STG LTL formerly Frontline Freight
296,331,29673,33126,684,$256.47,$241.15,AAA COOPER TRANSPORTATION
752,331,75261,33122,682,$238.14,$317.99,Forward
917,986,91761,98682,675,$266.65,$368.09,Forward
761,770,76155,77055,675,$235.64,$159.52,SOUTHWESTERN MOTOR TRANSPORT INC
917,402,91752,40210,674,$358.46,$372.97,XPO Logistics
917,930,91761,93012,673,$148.39,$156.24,GlovaLink
117,70,11779,7047,673,$184.34,$167.21,JP Express
70,191,7026,19154,671,$134.57,$167.21,JP Express
902,770,90220,77032,671,$397.77,$324.5,Forward
86,302,8638,30213,670,$234.13,$290.7,R&L Carriers
972,972,97205,97207,669,$133.52,$191.08,OAK HARBOR FREIGHT
917,553,91761,55379,668,$433.53,$376.42,XPO Logistics
982,917,98230,91730,665,$373.31,$345.86,ABF Freight
70,80,7008,8054,664,$142.07,$167.21,JP Express
917,100,91748,10018,658,$439.74,$556.39,STG LTL formerly Frontline Freight
70,850,7094,85043,657,$395.12,$423.08,R&L Carriers
604,752,60446,75241,657,$246.14,$301.54,DAYLIGHT TRANSPORT
923,980,92345,98002,655,$301.94,$443.71,STG LTL formerly Frontline Freight
190,331,19044,33182,655,$304.37,$369.65,WARD Trucking
70,190,7011,19006,654,$134.57,$167.21,JP Express
906,850,90670,85031,653,$232.02,$231.08,Mountain Valley Express
906,840,90670,84020,648,$285.64,$329.74,AAA COOPER TRANSPORTATION
917,801,91761,80112,645,$324.96,$354.86,XPO Logistics
921,331,92154,33182,641,,$474.95,STG LTL formerly Frontline Freight
928,902,92806,90221,639,$136.87,$125.52,GlovaLink
770,781,77032,78130,639,$235.64,$164.83,SOUTHWESTERN MOTOR TRANSPORT INC
923,774,92337,77493,636,$408.8,$322.5,XPO Logistics
917,704,91748,70403,635,$495.65,$493.31,ABF Freight
900,333,90058,33317,635,$406.32,$474.95,STG LTL formerly Frontline Freight
276,902,27601,90210,632,$363.36,$407.27,STG LTL formerly Frontline Freight
900,972,90015,97207,631,$255.74,$334.38,Forward
770,711,77029,71103,631,$309.6,$196.87,AAA COOPER TRANSPORTATION
461,331,46143,33182,630,$283.02,$361.93,XPO Logistics
902,891,90220,89118,629,$259.77,$203.58,Mountain Valley Express
88,100,8817,10002,627,$130.64,$251.21,JP Express
750,782,75041,78251,627,$240.5,$159.52,SOUTHWESTERN MOTOR TRANSPORT INC
906,920,90660,92064,626,,$156.24,GlovaLink
773,331,77396,33182,625,$245.64,$245.76,AAA COOPER TRANSPORTATION
906,113,90670,11378,619,$439.74,$544.39,STG LTL formerly Frontline Freight
330,330,33010,33010,618,$133.52,$152.45,AAA COOPER TRANSPORTATION
750,752,75050,75235,618,$133.52,$132.84,Vocar Transportation
917,941,91761,94124,617,$266.06,$351.77,TOTAL TRANSPORTATION DISTRIBUTION
917,305,91761,30518,616,$407.59,$419.41,XPO Logistics
281,331,28110,33178,616,$241.52,$274.76,AAA COOPER TRANSPORTATION
917,282,91752,28206,614,$380.89,$332.95,Forward
337,331,33714,33182,611,$200.77,$157.94,Specialized Freight Carriers
917,221,91761,22191,610,$399.01,$482.87,STG LTL formerly Frontline Freight
926,782,92618,78219,610,$404.06,$348.55,XPO Logistics
530,601,53022,60101,610,$253.09,$133.61,TAX AIRFREIGHT
87,928,8701,92880,608,$558.48,$423.71,STG LTL formerly Frontline Freight
85,331,8520,33178,607,$278.89,$271.01,Specialized Freight Carriers
980,980,98072,98002,606,$139.81,$174.24,PENINSULA TRUCK LINES
917,847,91761,84790,603,$303.89,$282.38,FedEx Economy
900,920,90058,92064,603,,$156.24,GlovaLink
906,925,90670,92507,603,$134.57,$125.52,GlovaLink
331,606,33133,60606,603,$272.69,$331.43,XPO Logistics
530,600,53022,60007,603,$253.09,$133.61,TAX AIRFREIGHT
70,300,7026,30043,602,$220.64,$298.86,XPO Logistics
906,761,90660,76119,602,$402.39,$388.8,Mountain Valley Express
601,531,60176,53132,599,$268.07,$161.48,Forward
923,600,92337,60010,599,$325.71,$341.11,XPO Logistics
923,945,92311,94533,599,$384.82,$338.15,XPO Logistics
920,331,92078,33182,599,,$474.95,STG LTL formerly Frontline Freight
272,333,27263,33317,597,$259.25,$305.9,AAA COOPER TRANSPORTATION
87,450,8701,45011,597,$220.69,$187.82,Ward Trucking
70,330,7036,33018,595,$280.16,$271.01,Specialized Freight Carriers
906,958,90660,95828,595,$264.39,$263.14,Mountain Valley Express
604,600,60440,60007,591,$126.02,$163.8,TAX AIRFREIGHT
70,401,7094,40165,586,$202.4,$236.1,R&L Carriers
336,331,33624,33182,585,$208.27,$157.94,Specialized Freight Carriers
906,980,90670,98002,583,$248.24,$443.71,STG LTL formerly Frontline Freight
272,331,27288,33178,582,$259.41,$333.26,AAA COOPER TRANSPORTATION
88,917,8817,91730,581,$544.69,$423.71,STG LTL formerly Frontline Freight
331,333,33166,33317,580,$139.65,$157.94,Specialized Freight Carriers
900,770,90058,77036,578,$402.39,$310.98,XPO Logistics
917,894,91761,89434,577,,$232.85,Mountain Valley Express
410,331,41048,33182,577,$290.49,$330.44,Forward Air
337,770,33714,77035,577,$248.76,$199.68,AAA COOPER TRANSPORTATION
752,770,75220,77093,575,$223.52,$159.52,SOUTHWESTERN MOTOR TRANSPORT INC
906,302,90660,30213,573,$397.34,$443.71,STG LTL formerly Frontline Freight
906,328,90670,32824,573,$385.22,$411.65,XPO Logistics
917,983,91761,98371,572,$262.03,$427.07,Forward Air
770,799,77029,79907,572,$265.19,$184.49,AAA COOPER TRANSPORTATION
70,201,7026,20166,568,$259.22,$252.61,FedEx Economy
770,705,77041,70518,567,$309.6,$214.97,AAA COOPER TRANSPORTATION
906,841,90670,84119,567,$281.02,$290.46,Forward
331,336,33147,33603,567,$208.27,$157.94,Specialized Freight Carriers
330,917,33023,91730,566,$392.2,$410.08,STG LTL formerly Frontline Freight
86,221,8638,22191,566,$266.88,$192.31,Ward Trucking
553,331,55343,33178,565,$268.04,$418.61,Forward
917,895,91761,89521,564,,$233.24,Mountain Valley Express
86,328,8638,32824,564,$274.36,$338.47,XPO Logistics
770,780,77032,78045,563,$256.15,$147.6,Vocar Transportation
917,339,91752,33916,559,$463.98,$432.91,XPO Logistics
605,331,60502,33178,559,$238.14,$424.94,AAA COOPER TRANSPORTATION
531,600,53151,60007,558,$260.59,$134.11,TAX AIRFREIGHT
900,100,90001,10001,556,$447.24,$557.4,STG LTL formerly Frontline Freight
917,301,91710,30144,555,$403.63,$419.5,XPO Logistics
917,450,91748,45069,555,$350.98,$375.12,XPO Logistics
921,902,92154,90220,553,,$156.24,GlovaLink
293,331,29303,33142,553,$253.12,$236.76,AAA COOPER TRANSPORTATION
917,85,91748,8512,551,$441.25,$463.96,ABF Freight
601,917,60104,91730,549,$417.64,$382.58,WARD Trucking
761,761,76155,76119,547,$138.14,$132.84,Vocar Transportation
300,302,30024,30297,545,$144.43,$197.86,RL Carriers
900,221,90058,22191,544,$392.72,$483.83,STG LTL formerly Frontline Freight
751,750,75172,75028,542,$141.49,$159.84,SOUTHWESTERN MOTOR TRANSPORT INC
272,88,27288,8831,542,$250.17,$269.66,RL Carriers
272,761,27288,76119,542,$264.03,$236.63,AAA COOPER TRANSPORTATION
799,770,79936,77032,542,$260.57,$211.62,AAA COOPER TRANSPORTATION
945,902,94544,90220,537,$689.27,$231.3,Mountain Valley Express
331,70,33122,7036,534,$278.12,$232.55,Specialized Freight Carriers
900,605,90058,60502,531,$319.6,$402.53,ABF Freight
902,921,90220,92154,528,,$156.24,GlovaLink
271,220,27101,22003,527,$197.78,$228.88,WARD Trucking
921,900,92123,90001,526,,$156.24,GlovaLink
926,902,92618,90221,525,$139.81,$125.52,GlovaLink
917,919,91761,91911,524,,$156.24,GlovaLink
900,984,90058,98499,522,$260.36,$423.5,ABF Freight
917,372,91748,37207,520,$385.22,$359.76,XPO Logistics
601,112,60191,11238,520,$235.31,$465.16,Forward
902,945,90221,94598,520,$265.9,$260.57,Mountain Valley Express
601,554,60123,55445,519,$266.7,$141.52,TAX AIRFREIGHT
925,900,92571,90040,517,$179.72,$125.52,GlovaLink
945,940,94545,94080,516,$126.02,$170.88,Mountain Valley Express
331,300,33172,30004,515,$206.92,$201.72,R&L Carriers
330,333,33013,33317,513,$139.65,$158.09,Specialized Freight Carriers
282,606,28207,60647,512,$254.75,$253.0,FEDEX FREIGHT ECONOMY
76,331,7663,33178,512,$268.04,$271.31,Specialized Freight Carriers
770,802,77029,80216,511,$250.1,$287.36,AAA COOPER TRANSPORTATION
917,957,91748,95742,509,$256.89,$252.84,Forward
900,891,90058,89118,509,$259.77,$203.92,Mountain Valley Express
917,337,91748,33762,508,$392.69,$475.9,STG LTL formerly Frontline Freight
303,300,30354,30043,507,$138.44,$188.35,AAA COOPER TRANSPORTATION
923,902,92337,90220,506,$139.63,$125.52,GlovaLink
381,331,38118,33182,506,$245.64,$203.83,AAA COOPER TRANSPORTATION
760,770,76017,77032,506,$223.52,$159.77,Vocar Transportation
906,921,90670,92154,505,,$156.24,GlovaLink
750,760,75041,76086,505,$145.45,$169.21,AAA COOPER TRANSPORTATION
917,342,91761,34221,504,$411.4,$424.97,XPO Logistics
906,923,90670,92337,502,$134.6,$125.52,GlovaLink
531,601,53110,60106,500,$260.59,$134.11,TAX AIRFREIGHT
70,605,7092,60510,498,$235.31,$231.54,WARD Trucking
770,703,77029,70380,498,$309.6,$215.41,AAA COOPER TRANSPORTATION
282,296,28273,29607,496,$197.94,$173.34,AAA COOPER TRANSPORTATION
917,751,91761,75115,493,$408.68,$354.54,XPO Logistics
80,331,8085,33182,493,$332.32,$271.31,Specialized Freight Carriers
917,531,91752,53154,492,$428.73,$364.08,XPO Logistics
786,917,78610,91730,492,$453.83,$367.21,SOUTHWESTERN MOTOR TRANSPORT INC
87,111,8701,11101,490,$144.43,$167.21,JP Express
923,761,92345,76119,489,$448.59,$312.8,XPO Logistics
923,782,92337,78260,489,$408.5,$405.07,XPO Logistics
180,331,18031,33182,489,$330.42,$366.18,WARD Trucking
70,600,7036,60007,488,$230.69,$231.54,WARD Trucking
906,852,90670,85286,488,$236.64,$242.6,TOTAL TRANSPORTATION DISTRIBUTION
331,342,33178,34234,488,$216.85,$158.09,Specialized Freight Carriers
402,331,40219,33182,488,$290.49,$327.42,Forward Air
917,191,91752,19154,487,$457.28,$456.47,XPO Logistics
86,88,8638,8831,487,$145.94,$167.21,JP Express
917,775,91761,77584,486,$410.19,$344.14,XPO Logistics
945,900,94538,90040,485,$700.12,$231.3,Mountain Valley Express
338,330,33860,33030,484,$220.69,$158.09,Specialized Freight Carriers
906,774,90660,77477,484,$403.9,$293.63,XPO Logistics
926,331,92618,33182,483,$406.48,$475.9,STG LTL formerly Frontline Freight
917,922,91761,92223,482,$183.62,$169.92,TOTAL TRANSPORTATION DISTRIBUTION
900,750,90058,75074,482,$403.9,$363.24,XPO Logistics
199,88,19904,8831,482,$408.05,$191.6,ABF FREIGHT SYSTEM INC
87,381,8701,38118,482,$274.36,$289.02,R&L Carriers
601,300,60123,30043,481,$235.59,$233.62,AAA COOPER TRANSPORTATION
923,88,92345,8831,481,$494.95,$485.8,STG LTL formerly Frontline Freight
920,902,92081,90221,481,,$156.24,GlovaLink
87,770,8701,77078,480,$274.36,$311.46,XPO Logistics
471,331,47130,33182,480,,,
450,331,45014,33178,478,$293.84,$405.06,WARD Trucking
770,701,77029,70123,477,$309.6,$220.39,Forward
770,70,77041,7047,476,$290.19,$378.25,SOUTHWESTERN MOTOR TRANSPORT INC
301,301,30122,30112,475,$138.44,$184.31,AAA COOPER TRANSPORTATION
928,891,92806,89118,474,$263.12,$203.92,Mountain Valley Express
481,481,48174,48150,474,$145.94,$159.86,Forward Air
900,921,90040,92154,473,,$156.24,GlovaLink
945,917,94560,91730,472,$705.04,$233.95,Mountain Valley Express
301,302,30180,30265,471,$143,$184.31,AAA COOPER TRANSPORTATION
601,770,60123,77055,469,$235.29,$267.4,Forward Air
87,802,8701,80239,467,$326.68,$400.68,XPO Logistics
330,334,33018,33431,465,$134.6,$158.09,Specialized Freight Carriers
902,926,90255,92618,462,$138.44,$125.52,GlovaLink
770,302,77041,30297,459,$227.81,$221.74,DAYLIGHT TRANSPORT
750,802,75041,80214,459,$256.47,$213.18,Forward
760,331,76015,33182,459,$245.64,$393.24,Forward Air
604,553,60484,55369,458,$280.49,$141.52,TAX AIRFREIGHT
923,750,92345,75006,456,$448.59,$372.16,XPO Logistics
604,330,60446,33018,456,$253.61,$408.85,Forward
926,980,92649,98055,455,$263.71,$422.8,Forward Air
906,928,90670,92806,454,$132.15,$125.52,GlovaLink
906,984,90660,98499,454,$260.36,$444.54,STG LTL formerly Frontline Freight
900,761,90058,76119,453,$402.39,$389.52,Mountain Valley Express
553,601,55336,60101,453,$266.7,$165.11,Forward Air
917,410,91761,41048,450,$358.64,$370.66,XPO Logistics
462,462,46268,46268,448,$130.64,$158.34,XPO Logistics
286,331,28655,33178,448,$267,$234.65,AAA COOPER TRANSPORTATION
906,752,90670,75234,445,$394.89,$363.24,XPO Logistics
928,945,92841,94568,444,$269.25,$260.57,Mountain Valley Express
305,331,30542,33182,444,$251.75,$249.44,AAA COOPER TRANSPORTATION
88,191,8861,19154,443,$142.07,$167.09,Pitt Ohio
923,986,92337,98682,441,$266.47,$344.3,XPO Logistics
300,282,30076,28208,441,$196.67,$189.55,AAA COOPER TRANSPORTATION
751,786,75172,78660,441,$234.37,$159.84,SOUTHWESTERN MOTOR TRANSPORT INC
917,837,91761,83706,440,$303.89,$366.72,XPO Logistics
925,331,92592,33182,440,$455.07,$394.86,XPO Logistics
906,802,90660,80239,439,$314.05,$375.7,Forward
331,750,33122,75040,439,$259.25,$208.33,AAA COOPER TRANSPORTATION
328,334,32809,33415,438,$221.19,$152.88,AAA COOPER TRANSPORTATION
601,432,60172,43229,437,$236.31,$208.24,DAYTON FREIGHT LINES INC
604,531,60446,53177,437,$276.04,$134.11,TAX AIRFREIGHT
70,114,7036,11434,436,$139.65,$167.21,JP Express
750,786,75006,78640,436,$228.44,$147.6,Vocar Transportation
906,330,90670,33009,435,$397.31,$446.33,XPO Logistics
852,917,85225,91730,435,$395.19,$183.23,Mountain Valley Express
752,750,75237,75006,434,$138.14,$132.84,Vocar Transportation
770,601,77029,60191,432,$233.66,$205.25,AAA COOPER TRANSPORTATION
70,601,7036,60160,431,$230.69,$231.54,WARD Trucking
917,952,91761,95206,430,$274.61,$256.51,Mountain Valley Express
773,770,77338,77020,430,$138.14,$140.22,Vocar Transportation
900,601,90058,60191,429,$314.98,$335.4,XPO Logistics
600,70,60007,7047,429,$235.31,$289.4,Ward Trucking
917,973,91761,97301,428,$266.95,$397.46,FedEx Economy
923,841,92337,84119,426,$294.63,$298.91,AAA COOPER TRANSPORTATION
461,601,46168,60176,426,$193.32,$158.83,Forward Air
928,852,92805,85260,424,$247.49,$231.48,Mountain Valley Express
902,913,90220,91343,424,$138.14,$125.52,GlovaLink
945,980,94538,98002,423,$234.04,$324.74,Forward Air
917,280,91748,28078,422,$371.9,$308.53,Forward
282,113,28206,11378,422,$264.8,$452.15,Forward
751,782,75172,78233,421,$234.37,$159.84,SOUTHWESTERN MOTOR TRANSPORT INC
917,180,91710,18031,420,$492.72,$478.02,STG LTL formerly Frontline Freight
774,774,77494,77493,419,$144.73,$140.22,Vocar Transportation
342,331,34243,33178,419,$214.38,$158.09,Specialized Freight Carriers
606,462,60630,46208,418,$193.32,$186.85,Ward Trucking
87,296,8701,29615,417,$234.13,$218.42,WARD Trucking
923,925,92337,92530,416,$148.18,$125.52,GlovaLink
604,604,60446,60446,415,$143,$122.26,TAX AIRFREIGHT
902,852,90221,85233,413,$244.14,$231.48,Mountain Valley Express
70,105,7036,10538,412,$138.44,$167.21,JP Express
331,339,33147,33916,412,$265.95,$152.76,AAA COOPER TRANSPORTATION
917,347,91748,34741,411,$389.84,$467.46,XPO Logistics
554,331,55439,33182,411,$275.54,$326.89,Forward
923,281,92337,28173,410,$387.02,$444.54,STG LTL formerly Frontline Freight
87,80,8701,8066,409,$183.62,$167.21,JP Express
970,980,97062,98001,408,$225.84,$175.79,PENINSULA TRUCK LINES
331,302,33166,30297,408,$205.41,$201.72,R&L Carriers
925,902,92507,90262,407,$162.35,$125.52,GlovaLink
452,331,45241,33182,407,$282.99,$398.81,WARD Trucking
770,850,77029,85034,406,$365.22,$227.09,Forward Air
300,300,30004,30084,406,$143,$176.28,Forward Air
87,604,8701,60455,406,$241.6,$236.59,R&L Carriers
180,70,18031,7047,405,$193.02,$188.33,Ward Trucking
900,330,90012,33054,404,$400.19,$475.9,STG LTL formerly Frontline Freight
70,85,7036,8512,404,$139.65,$167.21,JP Express
923,100,92337,10014,404,$453.35,$557.4,STG LTL formerly Frontline Freight
280,331,28034,33182,404,$230.67,$275.33,AAA COOPER TRANSPORTATION
751,331,75126,33178,403,$251.93,$411.98,AAA COOPER TRANSPORTATION
774,752,77489,75241,400,$198.99,$164.95,Vocar Transportation
601,553,60188,55315,400,$274.2,$188.5,Forward
770,902,77041,90221,400,$405.22,$357.55,ABF Freight
70,462,7092,46268,399,$212.89,$233.87,WARD Trucking
923,852,92337,85286,398,$250.25,$231.48,Mountain Valley Express
921,917,92154,91730,398,,$156.24,GlovaLink
750,850,75087,85040,398,$379.01,$244.03,AAA COOPER TRANSPORTATION
431,331,43125,33182,398,$282.99,$387.64,Forward Air
751,761,75126,76119,398,$144.43,$132.84,Vocar Transportation
88,85,8820,8512,396,$139.65,$167.21,JP Express
604,853,60446,85395,396,$382.2,$313.08,XPO Logistics
330,300,33025,30043,396,$198.21,$201.72,R&L Carriers
917,327,91761,32771,395,$405.14,$462.42,XPO Logistics
774,786,77489,78641,395,$238.99,$156.28,Vocar Transportation
301,300,30180,30062,395,$141.49,$184.31,AAA COOPER TRANSPORTATION
770,300,77092,30071,394,$229.32,$221.74,DAYLIGHT TRANSPORT
917,953,91761,95363,393,$286.46,$253.19,Mountain Valley Express
554,220,55414,22003,392,$268.07,$358.21,Dayton Freight Lines
70,115,7047,11590,391,$130.94,$167.21,JP Express
535,331,53562,33182,391,$332.32,$350.16,AAA COOPER TRANSPORTATION
601,402,60191,40216,390,$208.27,$191.76,Forward Air
917,190,91706,19020,389,$443.67,$464.58,XPO Logistics
906,600,90670,60007,389,$307.48,$353.76,XPO Logistics
210,331,21076,33182,389,$275.54,$347.5,WARD Trucking
774,782,77494,78260,388,$241.93,$164.95,Vocar Transportation
601,532,60123,53219,388,$260.57,$134.11,TAX AIRFREIGHT
850,331,85043,33178,388,$380.19,$451.42,STG LTL formerly Frontline Freight
303,787,30339,78729,388,$253.12,$227.27,AAA COOPER TRANSPORTATION
331,303,33122,30303,388,$200.79,$201.73,R&L Carriers
891,891,89115,89120,387,$133.52,$132.56,Mountain Valley Express
87,336,8701,33605,387,$281.83,$339.13,Specialized Freight Carriers
328,330,32809,33016,386,$200.79,$158.09,Specialized Freight Carriers
917,335,91789,33556,385,$403.54,$417.17,XPO Logistics
70,750,7092,75056,385,$274.2,$301.8,XPO Logistics
923,802,92345,80239,385,$360.25,$391.08,XPO Logistics
180,112,18015,11236,385,$166.97,$253.57,JP Express
923,981,92337,98103,384,$267.98,$444.54,STG LTL formerly Frontline Freight
89,331,8902,33178,384,$268.04,$271.31,Specialized Freight Carriers
787,331,78744,33182,384,$278.89,$319.28,AAA COOPER TRANSPORTATION
917,275,91762,27522,383,$387.2,$466.99,STG LTL formerly Frontline Freight
551,331,55110,33182,382,$268.04,$394.67,XPO Logistics
750,761,75050,76117,381,$138.14,$132.84,Vocar Transportation
913,331,91355,33178,381,$406.48,$478.18,STG LTL formerly Frontline Freight
605,600,60538,60007,379,$136.87,$122.26,TAX AIRFREIGHT
180,212,18015,21215,379,$428.59,$185.99,RL Carriers
194,331,19486,33182,379,$321.74,$335.35,XPO Logistics
906,913,90670,91311,378,$132.15,$125.52,GlovaLink
272,605,27263,60502,378,$221.86,$217.7,AAA COOPER TRANSPORTATION
786,760,78616,76085,378,$245.89,$173.04,DAYLIGHT TRANSPORT
330,336,33025,33603,377,$200.77,$158.09,Specialized Freight Carriers
85,605,8520,60502,376,$238.66,$231.54,WARD Trucking
917,851,91761,85142,375,$251.94,$248.14,TOTAL TRANSPORTATION DISTRIBUTION
88,330,8817,33014,375,$268.04,$271.31,Specialized Freight Carriers
70,76,7036,7647,375,$138.44,$167.09,Pitt Ohio
900,606,90001,60601,374,$319.6,$380.65,XPO Logistics
328,328,32808,32805,374,$133.52,$155.36,L&S Logistic Services
750,787,75041,78758,374,$234.37,$147.6,Vocar Transportation
921,921,92154,92154,373,$438.37,$156.24,GlovaLink
70,770,7026,77055,372,$265.19,$342.44,XPO Logistics
601,750,60130,75034,371,$244.3,$246.26,Forward Air
601,900,60123,90040,371,$405.22,$332.28,XPO Logistics
331,347,33178,34747,371,$205.41,$158.09,Specialized Freight Carriers
980,917,98031,91730,371,$260.66,$274.63,Oak Harbor Freight
600,606,60007,60632,370,$138.14,$122.26,TAX AIRFREIGHT
100,100,10001,10002,369,$130.64,$268.34,XPO
750,775,75041,77584,369,$240.5,$159.77,Vocar Transportation
87,243,8701,24348,369,$273.32,$255.34,Pitt Ohio
70,77,7002,7740,368,$139.65,$167.21,JP Express
852,331,85226,33182,368,$380.19,$403.18,XPO Logistics
601,104,60191,10451,367,$236.82,$499.42,STG LTL formerly Frontline Freight
87,432,8701,43232,367,$211.57,$187.19,Ward Trucking
282,902,28202,90210,366,$370.86,$392.68,STG LTL formerly Frontline Freight
88,115,8817,11590,365,$130.94,$167.21,JP Express
750,773,75019,77385,365,$228.14,$159.77,Vocar Transportation
907,902,90703,90220,365,$126.02,$125.52,GlovaLink
917,460,91761,46060,364,$357.3,$329.76,XPO Logistics
600,770,60007,77064,364,$242.79,$320.09,DAYLIGHT TRANSPORT
88,80,8854,8048,363,$134.57,$167.21,JP Express
902,920,90221,92081,362,,$156.24,GlovaLink
604,410,60446,41042,362,$211.62,$193.66,DAYTON FREIGHT LINES INC
770,336,77029,33605,362,$238.14,$233.82,AAA COOPER TRANSPORTATION
74,331,7430,33182,361,$281.83,$271.31,Specialized Freight Carriers
601,450,60172,45069,360,$214.4,$191.16,XPO Logistics
601,802,60130,80202,358,$300.96,$334.08,XPO Logistics
770,800,77029,80011,358,$254.72,$287.36,AAA COOPER TRANSPORTATION
606,100,60612,10006,358,$227.81,$459.13,FedEx Priority
272,221,27263,22191,358,$205.28,$188.65,Pitt Ohio
199,900,19904,90040,358,$815.67,$430.15,STG LTL formerly Frontline Freight
917,532,91752,53219,357,$428.73,$347.69,XPO Logistics
923,926,92337,92618,357,$144.55,$125.52,GlovaLink
750,917,75006,91730,356,$410.14,$326.72,XPO Logistics
787,770,78759,77032,356,$231.02,$121.03,Vocar Transportation
917,370,91789,37090,355,$402.2,$375.74,XPO Logistics
923,786,92345,78634,355,$443.97,$338.26,XPO Logistics
606,770,60601,77001,355,$230.67,$326.2,WARD Trucking
604,301,60446,30135,354,$246.14,$240.04,AAA COOPER TRANSPORTATION
300,372,30071,37210,353,$241.52,$176.33,Forward Air
601,88,60123,8831,352,$229.32,$285.83,Ward Trucking
902,841,90220,84109,352,$288.52,$276.86,Forward
761,917,76111,91730,352,$410.14,$330.18,XPO Logistics
850,850,85043,85043,352,$133.52,$132.56,Mountain Valley Express
327,331,32703,33178,352,$193.29,$158.09,Specialized Freight Carriers
604,605,60433,60502,351,$144.43,$122.26,TAX AIRFREIGHT
88,410,8854,41048,350,$200.77,$215.82,WARD Trucking
70,207,7080,20794,350,$395.14,$198.67,WARD Trucking
70,333,7072,33317,350,$274.17,$271.31,Specialized Freight Carriers
913,902,91311,90221,350,$136.87,$125.52,GlovaLink
601,100,60191,10022,349,$235.31,$435.47,FedEx Priority
923,840,92336,84070,349,$294.63,$312.12,AAA COOPER TRANSPORTATION
770,330,77001,33014,349,$245.64,$250.22,AAA COOPER TRANSPORTATION
191,191,19153,19114,349,$196.95,$165.61,Pitt Ohio
303,303,30336,30336,348,$133.52,$182.38,Forward Air
331,601,33178,60174,348,$272.69,$221.14,AAA COOPER TRANSPORTATION
296,302,29644,30297,347,$208.76,$190.55,AAA COOPER TRANSPORTATION
331,88,33172,8817,347,$282.74,$232.55,Specialized Freight Carriers
923,302,92337,30297,346,$403.45,$438.94,XPO Logistics
770,700,77087,70037,346,$309.6,$220.4,AAA COOPER TRANSPORTATION
841,841,84104,84104,346,$133.52,$151.98,Forward Air
330,770,33020,77036,345,$250.24,$294.49,DAYLIGHT TRANSPORT
70,282,7026,28206,344,$215.72,$238.26,Ward Trucking
926,917,92618,91730,344,$144.73,$125.52,GlovaLink
750,751,75041,75115,344,$141.49,$132.84,Vocar Transportation
331,337,33178,33716,344,$208.27,$158.09,Specialized Freight Carriers
917,452,91745,45242,343,$350.98,$388.58,XPO Logistics
906,70,90660,7065,343,$442.62,$475.9,STG LTL formerly Frontline Freight
604,606,60446,60611,342,$141.49,$122.26,TAX AIRFREIGHT
300,770,30004,77018,342,$234.04,$244.3,DAYLIGHT TRANSPORT
